Date,usdidr_lag1,sp500_lag1,oil_wti_lag1,dxy_lag1,vix_lag1,ust10y_lag1,fed_funds_rate_lag1,epu_lag1,indonia_lag1,bi_rate_lag1,return_ihsg
2020-01-27,-17.1982421875,-30.070068359375,-1.4000015258789134,0.15999603271485796,14.5600004196167,-0.040000000000000036,0.0,-22.190000000000005,-0.01377000000000006,0.0,-0.017920498887974385
2020-01-28,102.78515625,-51.840087890625,-1.0499992370605398,0.1100006103515625,18.229999542236328,-0.08999999999999986,0.0,-26.229999999999997,0.07667000000000002,0.0,-0.0035973937082469814
2020-01-29,-498.7333984375,32.610107421875,0.3400001525878906,0.05999755859375,16.280000686645508,0.039999999999999813,0.0,72.43,-0.06780000000000008,0.0,0.0003044510794961824
2020-01-30,420.759765625,-2.840087890625,-0.14999771118164062,-0.02999877929688921,16.389999389648438,-0.04999999999999982,0.0,-6.060000000000002,0.030710000000000015,0.0,-0.00911194629763058
2020-01-31,-19.9853515625,10.260009765625,-1.19000244140625,-0.11999511718747158,15.489999771118164,-0.030000000000000027,0.050000000000000044,53.43000000000001,0.00586999999999982,0.0,-0.019595864142141994
2020-02-03,29.166015625,-58.139892578125,-0.5799980163574219,-0.48000335693360796,18.84000015258789,-0.06000000000000005,-0.010000000000000009,-19.85000000000001,-0.03125999999999962,0.0,-0.009451508205764077
2020-02-04,-10.0537109375,23.39990234375,-1.4500007629394531,0.4100036621093608,17.969999313354492,0.030000000000000027,0.0,1.9500000000000028,-0.001280000000000392,0.0,0.0064657688346518105
2020-02-05,102.373046875,48.670166015625,-0.5,0.15999603271485796,16.049999237060547,0.07000000000000006,0.0,-12.190000000000012,0.0009600000000000719,0.0,0.009439884043956452
2020-02-06,-33.0927734375,37.099853515625,1.1399993896484375,0.30999755859375,15.149999618530272,0.04999999999999982,0.0,-27.019999999999996,0.0039199999999999235,0.0,0.0014433402200546954
2020-02-07,-34.1396484375,11.090087890625,0.20000076293945312,0.23000335693359375,14.960000038146973,-0.010000000000000009,0.0,-3.1899999999999977,-0.0041799999999998505,0.0,0.0020792819607958167
2020-02-10,29.732421875,-18.070068359375,-0.6300010681152344,0.18000030517578125,15.470000267028809,-0.05999999999999983,-0.010000000000000009,48.52000000000001,-0.004150000000000098,0.0,-0.007952712375802449
2020-02-11,-22.146484375,24.380126953125,-0.75,0.15000152587889204,15.039999961853027,-0.030000000000000027,0.0,-18.88000000000001,0.023950000000000138,0.0,0.0003886900035407863
2020-02-12,15.736328125,5.659912109375,0.3699989318847585,-0.11000061035154829,15.18000030517578,0.030000000000000027,0.0,41.32000000000001,0.004889999999999617,0.0,-0.0069629090185740735
2020-02-13,-34.0361328125,21.699951171875,1.2299995422363352,0.3300018310546733,13.739999771118164,0.030000000000000027,0.0,-73.45,0.003849999999999909,0.0,-0.006979549833301328
2020-02-14,-156.81640625,-5.510009765625,0.25,0.01999664306642046,14.149999618530272,-0.010000000000000009,0.0,2.969999999999999,0.0023100000000004783,0.0,-0.0008534493191352544
2020-02-17,194.6630859375,6.219970703125,0.6300010681152344,0.05000305175782671,13.68000030517578,-0.020000000000000018,0.0,-10.25,0.0026200000000002888,0.0,9.853450733851345e-05
2020-02-18,-14.1103515625,0.0,0.0,0.0,13.68000030517578,0.0,0.0,10.560000000000002,-0.020319999999999894,0.0,0.0033075005482569235
2020-02-19,-32.048828125,-9.869873046875,0.0,0.3399963378906108,14.829999923706056,-0.040000000000000036,0.010000000000000009,-5.160000000000011,0.002269999999999328,0.0,0.007080255748815402
2020-02-20,118.7587890625,15.85986328125,1.2400016784667969,0.1399993896484375,14.380000114440918,0.010000000000000009,0.0,-20.909999999999997,0.013290000000000468,0.0,0.002307385447705883
2020-02-21,-6.0,-12.919921875,0.48999786376953836,0.2700042724609517,15.5600004196167,-0.040000000000000036,0.0,47.230000000000004,-0.13133000000000017,-0.25,-0.01018752985219143
2020-02-24,-58.517578125,-35.47998046875,-0.39999771118164773,-0.6100006103515625,17.079999923706055,-0.06000000000000005,-0.010000000000000009,2.8900000000000006,-0.10148000000000046,0.0,-0.012867508853982036
2020-02-25,68.00390625,-111.860107421875,-1.9500007629394531,0.02999877929686079,25.030000686645508,-0.08000000000000007,0.0,-17.86,-0.035329999999999195,0.0,-0.003434762432632408
2020-02-26,108.443359375,-97.679931640625,-1.529998779296875,-0.31999969482421875,27.850000381469727,-0.04999999999999982,0.0,59.11,0.006739999999999746,0.0,-0.0171173192125613
2020-02-27,176.5703125,-11.820068359375,-1.1700019836425781,0.029998779296875,27.559999465942383,0.0,0.0,-50.35000000000001,0.012620000000000076,0.0,-0.027303666670943024
2020-02-28,-125.5,-137.6298828125,-1.6399993896484375,-0.5599975585937642,39.15999984741211,-0.030000000000000027,0.0,9.060000000000002,0.008199999999999541,0.0,-0.015105263650836141
2020-03-02,385.0,-24.5400390625,-2.3300018310546875,-0.31000518798828125,40.11000061035156,-0.17000000000000015,0.0,65.89999999999999,-0.012710000000000221,0.0,-0.016915222809480164
2020-03-03,-344.0380859375,136.010009765625,1.9900016784667969,-0.769996643066392,33.41999816894531,-0.029999999999999805,0.010000000000000009,-18.919999999999987,0.001000000000000334,0.0,0.02893283768895653
2020-03-04,248.0380859375,-86.85986328125,0.43000030517578125,-0.20999908447265625,36.81999969482422,-0.08000000000000007,0.0,-20.97999999999999,0.01097999999999999,0.0,0.02355039052548228
2020-03-05,-20.5,126.75,-0.40000152587889914,0.18999481201171875,31.989999771118164,0.0,-0.5,64.64999999999998,-0.012830000000000119,0.0,-0.002127226991860527
2020-03-06,56.5,-106.18017578125,-0.8799972534179759,-0.5199966430664062,39.619998931884766,-0.09999999999999998,0.0,-79.17999999999999,0.03019000000000016,0.0,-0.02506981990536392
2020-03-09,53.599609375,-51.56982421875,-4.620002746582024,-0.870002746582017,41.93999862670898,-0.18000000000000005,0.0,14.480000000000004,-0.020909999999999762,0.0,-0.06805052402882567
2020-03-10,-58.060546875,-225.81005859375,-10.14999961853028,-1.0499954223632955,54.459999084472656,-0.19999999999999996,0.0,143.74,0.01405999999999974,0.0,0.016223574316225963
2020-03-11,-156.720703125,135.669921875,3.230001449584961,1.5100021362304688,47.29999923706055,0.21999999999999997,0.0,19.879999999999995,-0.025249999999999773,0.0,-0.012862179085840938
2020-03-12,178.08203125,-140.85009765625,-1.3800010681152344,0.09999847412110796,53.900001525878906,0.05999999999999994,0.0,-61.390000000000015,0.014470000000000205,0.0,-0.051426397887625847
2020-03-13,253.099609375,-260.739990234375,-1.4799995422363281,0.959999084472642,75.47000122070312,0.06000000000000005,0.010000000000000009,-47.64999999999998,-0.006930000000000547,0.0,0.002411991249442481
2020-03-16,324.0,230.380126953125,0.22999954223632812,1.279998779296875,57.83000183105469,0.05999999999999994,0.0,143.77,0.00172000000000061,0.0,-0.04520636788540223
2020-03-17,-214.9775390625,-324.89013671875,-3.029998779296875,-0.660003662109375,82.69000244140625,-0.20999999999999996,-0.8500000000000001,-7.140000000000043,-0.02150000000000052,0.0,-0.051153124505873185
2020-03-18,556.9775390625,143.06005859375,-1.75,1.4900054931640483,75.91000366210938,0.29000000000000004,0.0,55.210000000000036,-0.01980000000000004,0.0,-0.028696433318221554
2020-03-19,-236.2119140625,-131.08984375,-6.579999923706055,1.5800018310547017,76.44999694824219,0.15999999999999992,0.0,76.52999999999997,2.9999999999752447e-05,0.0,-0.05341463977693879
2020-03-20,518.7119140625,11.289794921875,4.84999847412109,1.599998474121108,72.0,-0.05999999999999983,-0.04999999999999999,59.21999999999997,-0.10520999999999958,-0.25,0.021571445653984625
2020-03-23,433.5,-104.469970703125,-2.7899990081787074,0.05999755859373579,66.04000091552734,-0.20000000000000007,-0.05000000000000002,118.84000000000003,-0.14780000000000015,0.0,-0.05020976082607156
2020-03-24,-141.7529296875,-67.52001953125,0.9300003051757777,-0.3300018310547017,61.59000015258789,-0.16000000000000003,0.0,-60.569999999999936,0.03199000000000041,0.0,-0.01309064572670391
2020-03-26,738.5537109375,209.93017578125,0.6499996185302805,-0.75,61.66999816894531,0.07999999999999996,-0.03,23.839999999999918,0.005440000000000111,0.0,0.09704218980793125
2020-03-27,-57.080078125,182.739990234375,-1.409999847412113,-2.3199996948241903,61.0,-0.010000000000000009,-0.01999999999999999,73.51999999999998,-0.015590000000000437,0.0,0.04653157093067017
2020-03-30,-229.083984375,-88.60009765625,-1.090000152587887,-1.0499954223632812,65.54000091552734,-0.10999999999999999,0.0,-113.12,-0.004240000000000244,0.0,-0.029258731115085646
2020-03-31,-213.3017578125,85.179931640625,-1.4200000762939489,0.8099975585937358,57.08000183105469,-0.020000000000000018,-0.010000000000000009,-195.71999999999997,0.004870000000000374,0.0,0.027796762824276698
2020-04-01,341.626953125,-42.059814453125,0.3899993896484375,-0.12999725341798296,53.540000915527344,0.0,-0.009999999999999995,155.08999999999997,0.025640000000000107,0.0,-0.016189877491107556
2020-04-02,-69.0185546875,-114.090087890625,-0.1700000762939453,0.6199951171875284,57.060001373291016,-0.07999999999999996,-0.020000000000000004,-41.73999999999995,-0.024360000000000603,0.0,0.0145923852502666
2020-04-03,134.865234375,56.39990234375,5.010000228881836,0.5100021362304545,50.90999984741211,0.010000000000000009,-0.009999999999999995,263.21,-0.012789999999999857,0.0,0.020042832731887054
2020-04-06,28.455078125,-38.25,3.020000457763672,0.40000152587889204,46.79999923706055,-0.010000000000000009,0.0,-197.51999999999998,0.00838000000000072,0.0,0.03994019585259925
2020-04-07,-23.263671875,175.030029296875,-2.2600002288818395,0.1100006103515625,45.2400016784668,0.050000000000000044,0.0,64.88,-0.0021900000000005804,0.0,-0.00692106508521904
2020-04-08,-53.3515625,-4.27001953125,-2.4500007629394496,-0.709999084472642,46.70000076293945,0.07999999999999996,0.0,-137.3,-0.0077299999999995705,0.0,-0.03231305912393072
2020-04-09,-139.6484375,90.570068359375,1.460000991821289,0.1399993896484517,43.34999847412109,0.020000000000000018,0.0,56.05000000000001,0.018809999999999327,0.0,0.0048264049932214255
2020-04-13,-65.623046875,39.840087890625,-2.329999923706051,-0.6000061035156392,41.66999816894531,-0.040000000000000036,0.0,-106.58999999999997,-0.005759999999999543,0.0,-0.005431940786843217
2020-04-14,-359.376953125,-28.190185546875,-0.3500003814697301,-0.1699981689453125,41.16999816894531,0.030000000000000027,0.0,221.26999999999992,-0.007859999999999978,0.0,0.01770544804806282
2020-04-15,-49.0,84.43017578125,-2.2999992370605504,-0.45999908447265625,37.7599983215332,0.0,0.0,-197.48999999999995,0.0016499999999997073,0.0,-0.017270683518252884
2020-04-16,-172.6533203125,-62.699951171875,-0.2399997711181605,0.5699996948242188,40.84000015258789,-0.13,0.0,14.360000000000014,-0.011199999999999655,0.0,-0.0319134675550398
2020-04-17,309.1533203125,16.18994140625,0.0,0.5699996948242188,40.11000061035156,-0.020000000000000018,0.0,49.839999999999975,0.019120000000000026,0.0,0.03383902258787899
2020-04-20,-319.1611328125,75.010009765625,-1.6000003814697266,-0.25,38.150001525878906,0.040000000000000036,0.0,68.18000000000006,-0.015120000000000466,0.0,-0.012793089665911115
2020-04-21,-145.3388671875,-51.400146484375,-55.900001525878906,0.18000030517578125,43.83000183105469,-0.020000000000000018,0.0,44.95999999999992,0.002120000000000566,0.0,-0.016300708249857385
2020-04-22,-45.919921875,-86.599853515625,47.64000129699707,0.3000030517578267,45.40999984741211,-0.050000000000000044,0.0,-19.529999999999973,0.0024600000000001288,0.0,0.014475847737310522
2020-04-23,17.5986328125,62.75,3.7699995040893555,0.12999725341795454,41.97999954223633,0.050000000000000044,0.0,-87.70999999999998,-0.007859999999999978,0.0,0.005674473862449867
2020-04-24,13.943359375,-1.510009765625,2.7200002670288086,0.04000091552734375,41.380001068115234,-0.020000000000000018,-0.010000000000000002,-5.8799999999999955,0.0078699999999996,0.0,-0.02145172022511077
2020-04-27,256.3779296875,38.93994140625,0.4400005340576172,-0.05000305175782671,35.93000030517578,-0.010000000000000009,0.010000000000000002,56.95999999999998,-0.007819999999999716,0.0,0.003791048986500595
2020-04-28,-316.255859375,41.739990234375,-4.160000801086426,-0.3399963378906108,33.290000915527344,0.07000000000000006,-0.010000000000000002,80.15999999999997,0.008859999999999424,0.0,0.0036301353511162433
2020-04-29,-36.3583984375,-15.090087890625,-0.4399995803833008,-0.1699981689452983,33.56999969482422,-0.050000000000000044,0.0,-162.76999999999998,0.001600000000000712,0.0,0.008303785608938566
2020-04-30,52.208984375,76.1201171875,2.7200002670288086,-0.3000030517578267,31.229999542236328,0.010000000000000009,0.0,-40.77999999999997,0.0013599999999991397,0.0,0.032119087692067075
2020-05-04,-129.9580078125,-27.080078125,3.7799997329711914,-0.5500030517578125,34.150001525878906,0.010000000000000009,0.010000000000000002,0.9599999999999795,0.009860000000000646,0.0,-0.0237980183187432
2020-05-05,-563.63671875,-69.68994140625,1.5499992370605504,0.4600067138671875,35.970001220703125,0.0,0.0,9.310000000000002,-0.009999999999999787,0.0,0.005337174025853674
2020-05-06,373.0,25.699951171875,4.170000076293942,0.2299957275390625,33.61000061035156,0.020000000000000018,0.0,358.28,0.012799999999999478,0.0,-0.004620194744773439
2020-05-08,291.0,-20.02001953125,-0.5699996948242188,0.37999725341796875,34.119998931884766,0.05999999999999994,0.0,-308.95,0.007979999999999876,0.0,-0.0024678681981595636
2020-05-11,-108.0,81.380126953125,0.75,-0.35999298095703125,27.979999542236328,-0.030000000000000027,0.0,-10.180000000000007,-0.019219999999999793,0.0,0.009023965542746065
2020-05-12,-505.6015625,0.389892578125,-0.600000381469723,0.5099945068359233,27.56999969482422,0.040000000000000036,0.0,38.83000000000004,0.013219999999999565,0.0,-0.01091731114405983
2020-05-13,127.3017578125,-60.06982421875,1.6400012969970668,-0.3099975585937358,33.040000915527344,-0.040000000000000036,0.0,-85.21000000000004,-0.01654,0.0,-0.0075193728901079716
2020-05-14,145.2998046875,-50.1201171875,-0.48999977111816406,0.3099975585937358,35.279998779296875,-0.04999999999999993,0.0,111.06000000000006,0.013110000000000177,0.0,-0.008937871679390728
2020-05-15,-147.126953125,32.5,2.269998550415039,0.23000335693360796,32.61000061035156,-0.010000000000000009,0.0,-45.190000000000055,-0.008020000000000138,0.0,-0.0013805004825331437
2020-05-18,-36.7529296875,11.199951171875,1.8700008392333984,-0.06999969482421875,31.88999938964844,0.010000000000000009,0.0,-133.79999999999995,0.0006099999999999994,0.0,0.0007653398875578025
2020-05-19,42.8798828125,90.2099609375,2.3899993896484375,-0.7300033569335795,29.299999237060547,0.08999999999999997,0.0,137.39999999999998,0.020220000000000127,0.0,0.00830001314467254
2020-05-20,25.0,-30.969970703125,0.6800003051757812,-0.29999542236328125,30.530000686645508,-0.030000000000000027,0.0,-147.95999999999998,-0.033009999999999984,0.0,-0.0005945530335339184
2020-05-26,-129.552734375,48.670166015625,0.9900016784667969,-0.25,27.989999771118164,-0.019999999999999907,0.0,57.01999999999998,0.2111900000000002,0.0,0.017628031864941125
2020-05-27,-246.689453125,20.159912109375,0.8599967956542969,-0.20999908447267046,28.01000022888184,0.009999999999999898,0.0,-31.470000000000027,-0.21370000000000022,0.0,0.0031842461171493444
2020-05-28,348.2421875,44.35986328125,-1.5399971008300781,0.1499938964843892,27.6200008392334,-0.009999999999999898,0.0,-34.10999999999996,0.0013900000000006685,0.0,0.015950745212727255
2020-05-29,38.5,-6.39990234375,0.8999977111816406,-0.6800003051758097,28.59000015258789,0.019999999999999907,0.0,66.88999999999999,0.011730000000000018,0.0,0.007904489014480919
2020-06-02,-63.5,14.580078125,1.7800025939941406,-0.04000091552732954,27.51000022888184,-0.04999999999999993,0.0,4.289999999999964,0.005449999999999733,0.0,0.019559806828601173
2020-06-03,-251.5,36.510009765625,1.3199996948242188,-0.6699981689452983,26.84000015258789,0.030000000000000027,0.009999999999999995,-168.78999999999996,0.014520000000000088,0.0,0.01910440739892377
2020-06-04,-229.6767578125,42.050048828125,0.4799995422363281,-0.3899993896484517,25.65999984741211,0.08999999999999997,0.0,29.680000000000007,-0.015470000000000539,0.0,-0.004930517765302728
2020-06-05,-213.8232421875,-10.52001953125,0.11999893188476562,-0.5999984741210938,25.809999465942383,0.04999999999999993,0.0,-55.93000000000001,0.0269200000000005,0.0,0.006301033179181237
2020-06-08,-44.552734375,81.579833984375,2.1399993896484375,0.26000213623045454,24.520000457763672,0.09000000000000008,0.010000000000000009,3.829999999999984,-0.011260000000000048,0.0,0.02451202815767858
2020-06-09,-222.447265625,38.4599609375,-1.3600006103515696,-0.31999969482419033,25.809999465942383,-0.030000000000000027,0.0,83.57,-0.010019999999999918,0.0,-0.007026984745109766
2020-06-10,207.7998046875,-25.2099609375,0.75,-0.3000030517578267,27.56999969482422,-0.040000000000000036,0.0,-127.32,-0.014140000000000263,0.0,-0.022977319576952673
2020-06-11,-218.6962890625,-17.0400390625,0.6599998474121094,-0.3600006103515625,27.56999969482422,-0.08999999999999997,0.009999999999999995,46.56,-0.012579999999999814,0.0,-0.013488753245044288
2020-06-12,95.33984375,-188.039794921875,-3.259998321533196,0.7700042724609375,40.790000915527344,-0.08999999999999997,0.0,79.98000000000002,0.016910000000000203,0.0,0.005260347785743205
2020-06-15,527.556640625,39.2099609375,-0.0800018310546875,0.589996337890625,36.09000015258789,0.04999999999999993,0.0,-24.74000000000001,0.006249999999999645,0.0,-0.013205299483272485
2020-06-16,-357.0,25.280029296875,0.8600006103515625,-0.6399993896484375,34.400001525878906,0.0,0.009999999999999995,7.21999999999997,0.010749999999999815,0.0,0.03471237961157966
2020-06-17,-129.880859375,58.14990234375,1.2600021362304688,0.279998779296875,33.66999816894531,0.040000000000000036,0.0,19.350000000000023,-0.03561000000000014,0.0,0.000264255102975685
2020-06-18,286.880859375,-11.25,-0.4200019836425781,0.20000457763671875,33.470001220703125,-0.010000000000000009,0.0,28.70999999999998,-0.02507999999999999,0.0,-0.012615456549129793
2020-06-19,-172.2646484375,1.85009765625,0.8800010681152344,0.2599945068359517,32.939998626708984,-0.030000000000000027,0.0,-25.439999999999998,-0.015639999999999432,-0.25,0.0034510935430488113
2020-06-22,-105.04296875,-17.60009765625,0.9099998474121094,0.20000457763671875,35.119998931884766,-0.010000000000000009,0.0,127.68,-0.19563000000000041,0.0,-0.004754819982101084
2020-06-23,95.3076171875,20.1201171875,0.7099990844726562,-0.5800018310547017,31.770000457763672,0.010000000000000009,-0.009999999999999995,-191.08999999999997,-0.0025800000000000267,0.0,-0.00810341004688532
2020-06-24,-12.865234375,13.429931640625,-0.09000015258789062,-0.34999847412110796,31.3700008392334,0.010000000000000009,0.0,49.599999999999966,-0.008680000000000021,0.0,0.017392393201867022
2020-06-25,33.04296875,-80.9599609375,-2.3600006103515625,0.45999908447267046,33.84000015258789,-0.030000000000000027,0.0,-84.74999999999997,0.011530000000000484,0.0,-0.013792263505342763
2020-06-26,176.1220703125,33.429931640625,0.7100028991699219,0.279998779296875,32.220001220703125,-0.009999999999999898,0.0,1.3199999999999932,-0.005700000000000038,0.0,0.001501489291072471
2020-06-29,86.900390625,-74.7099609375,-0.22999954223632812,0.06999969482421875,34.72999954223633,-0.040000000000000036,0.0,34.609999999999985,-0.02458000000000027,0.0,-0.0004629902891096274
2020-06-30,-163.2001953125,44.18994140625,1.2099990844726562,0.04000091552734375,31.780000686645508,0.0,0.0,41.25,0.037359999999999616,0.0,0.0007288961738315615
2020-07-01,257.2001953125,47.050048828125,-0.43000030517578125,-0.15000152587890625,30.43000030517578,0.020000000000000018,0.0,-9.20999999999998,0.011040000000000383,0.0,0.0018322398294528185
2020-07-02,-276.1494140625,15.570068359375,0.5499992370605469,-0.1900024414062358,28.6200008392334,0.029999999999999916,0.0,37.25,-0.03190999999999988,0.0,0.010604433139425091
2020-07-03,-6.1923828125,14.14990234375,0.8300018310546875,0.12000274658201704,27.68000030517578,-0.009999999999999898,0.009999999999999995,-79.92000000000002,-0.017400000000000304,0.0,0.001411218609813415
2020-07-06,110.9208984375,0.0,0.0,0.0,27.68000030517578,0.0,0.0,162.31,-0.03424999999999967,0.0,0.0030257535412682567
2020-07-07,204.220703125,49.7099609375,-0.020000457763671875,-0.529998779296875,27.940000534057617,0.009999999999999898,0.0,-22.810000000000002,-0.03995000000000015,0.0,-0.00035769626369509653
2020-07-08,-296.4912109375,-34.39990234375,-0.01000213623046875,0.08999633789061079,29.43000030517578,-0.039999999999999925,0.0,-110.58999999999997,-0.031050000000000022,0.0,0.01770681891913176
2020-07-09,276.9912109375,24.619873046875,0.2800025939941406,-0.4499969482421733,28.07999992370605,0.020000000000000018,0.0,40.71999999999997,-0.06213999999999986,0.0,-0.004616447570435899
2020-07-10,-133.9345703125,-17.889892578125,-1.2800025939941406,0.26999664306642046,29.26000022888184,-0.050000000000000044,0.0,-51.839999999999975,0.01798999999999973,0.0,-0.004271720014511452
2020-07-13,196.134765625,32.989990234375,0.9300003051757812,-0.04999542236329546,27.290000915527344,0.030000000000000027,0.0,-8.220000000000027,-0.005539999999999878,0.0,0.006575280343569809
2020-07-14,-117.7001953125,-29.820068359375,-0.45000076293946023,-0.19000244140625,32.189998626708984,-0.010000000000000009,0.0,-46.72999999999999,-0.10603000000000007,0.0,0.002893518726627084
2020-07-15,156.0,42.300048828125,0.1900024414062571,-0.1999969482421733,29.520000457763672,-0.010000000000000009,0.0,95.73999999999998,-0.01977999999999991,0.0,-0.0006547011486675451
2020-07-16,131.400390625,29.0400390625,0.9099998474121094,-0.18000030517580967,27.76000022888184,0.010000000000000009,0.010000000000000009,44.460000000000036,0.007340000000000124,0.0,0.0044379452610345555
2020-07-17,-154.228515625,-10.989990234375,-0.4500007629394531,0.26999664306642046,28.0,-0.020000000000000018,0.0,-39.03000000000003,-0.18298000000000014,-0.25,-0.0036921123130353463
2020-07-20,-8.9619140625,9.159912109375,-0.15999984741210938,-0.40999603271485796,25.68000030517578,0.020000000000000018,-0.010000000000000009,241.34999999999997,-0.17574999999999985,0.0,-0.005622336947569229
2020-07-21,135.7900390625,27.110107421875,0.220001220703125,-0.1100006103515625,24.459999084472656,-0.020000000000000018,0.010000000000000009,-124.91999999999996,-0.02226000000000017,0.0,0.012513282532400485
2020-07-22,261.2998046875,5.4599609375,1.1499977111816406,-0.7099990844726278,24.84000015258789,-0.010000000000000009,0.0,-6.6200000000000045,-0.009220000000000006,0.0,-0.0008845024835047853
2020-07-23,-322.4375,18.719970703125,-0.05999755859375,-0.15000152587892046,24.31999969482422,-0.010000000000000009,-0.010000000000000009,-126.5,0.01733000000000029,0.0,0.006791266613685884
2020-07-24,3.1376953125,-40.360107421875,-0.8300018310546875,-0.2799987792968892,26.07999992370605,-0.010000000000000009,0.0,-14.919999999999959,-0.015890000000000182,0.0,-0.012127358010887676
2020-07-27,-51.095703125,-20.030029296875,0.220001220703125,-0.25,25.84000015258789,0.0,0.0,8.149999999999977,-0.0028999999999999027,0.0,0.00660314877168998
2020-07-28,24.095703125,23.780029296875,0.3099975585937429,-0.7700042724609091,24.739999771118164,0.030000000000000027,0.010000000000000009,231.71000000000004,-0.01238000000000028,0.0,-0.0007189384841167863
2020-07-29,11.5,-20.969970703125,-0.5599975585937429,0.09000396728515625,25.440000534057617,-0.030000000000000027,0.0,-206.23000000000002,-0.0037599999999997635,0.0,0.007140725036451987
2020-07-30,19.0,40.0,0.22999954223632812,-0.5,24.100000381469727,-0.010000000000000009,0.0,54.539999999999964,0.03128999999999982,0.0,-5.689124072550684e-07
2020-08-03,-175.1552734375,-12.219970703125,-1.3500022888183594,-0.2400054931640767,24.76000022888184,-0.029999999999999916,0.0,-62.5,-0.006269999999999776,0.0,-0.028242508333723305
2020-08-04,134.6552734375,48.39013671875,1.0900001525878906,0.48000335693359375,24.280000686645508,0.010000000000000009,0.0,-36.72999999999996,-0.013409999999999922,0.0,0.013645142348114507
2020-08-05,-52.0791015625,11.89990234375,0.69000244140625,-0.12000274658204546,23.76000022888184,-0.040000000000000036,0.0,120.28999999999996,-0.03609000000000018,0.0,0.010203687643866607
2020-08-06,179.0791015625,21.260009765625,0.48999786376952414,-0.5499954223632812,22.989999771118164,0.030000000000000027,0.0,-137.33999999999997,-0.000980000000000203,0.0,0.009940807179696733
2020-08-07,-412.357421875,21.389892578125,-0.23999786376952414,-0.04000091552732954,22.649999618530277,0.0,0.0,31.639999999999986,-0.010249999999999648,0.0,-0.006661205907981049
2020-08-10,260.814453125,2.1201171875,-0.7299995422363281,0.650001525878892,22.209999084472656,0.019999999999999907,0.0,-8.930000000000007,0.006629999999999914,0.0,0.002706522199647125
2020-08-11,49.54296875,9.18994140625,0.7199974060058523,0.1399993896484375,22.1299991607666,0.020000000000000018,0.0,111.92000000000002,0.006860000000000088,0.0,0.006249715992288706
2020-08-12,205.7998046875,-26.780029296875,-0.32999801635741477,0.04999542236328125,24.030000686645508,0.050000000000000044,0.0,-29.480000000000018,-0.02359,0.0,0.008304690064008954
2020-08-13,34.7001953125,46.66015625,1.05999755859375,-0.18999481201171875,22.280000686645508,0.04999999999999993,0.0,-156.94,0.01051000000000002,0.0,0.0011072313663945388
2020-08-14,-187.6904296875,-6.920166015625,-0.4299964904785156,-0.10000610351561079,22.1299991607666,0.020000000000000018,0.0,80.52000000000004,-0.021190000000000264,0.0,0.001609610291585819
2020-08-18,2.6875,-0.579833984375,-0.23000335693359375,-0.23999786376953125,22.049999237060547,0.0,0.0,63.079999999999984,-0.0017199999999997218,0.0,0.009007838634951616
2020-08-19,295.9033203125,16.929931640625,0.8800010681152344,-0.8300018310546875,21.51000022888184,-0.039999999999999925,-0.010000000000000009,-4.1200000000000045,0.020209999999999617,0.0,-0.004232368851879542
2020-08-24,-371.328125,-14.929931640625,0.04000091552734375,0.6200027465820312,22.540000915527344,0.010000000000000009,0.0,-125.5,0.009630000000000027,0.0,0.0008020885277555738
2020-08-25,165.927734375,56.429931640625,-0.3100013732910156,0.4100036621093608,22.3700008392334,-0.030000000000000027,0.0,-29.28,0.0017599999999999838,0.0,0.01165189905451569
2020-08-26,-134.599609375,12.340087890625,0.729999542236321,-0.28000640869139204,22.030000686645508,0.039999999999999925,0.0,26.78,-0.028889999999999638,0.0,0.0002696717387056719
2020-08-27,-21.7001953125,35.10986328125,0.040000915527350855,-0.00999450683592329,23.270000457763672,0.0,0.0,-59.41,0.03290999999999977,0.0,0.0058149199712085485
2020-08-28,-160.3173828125,5.820068359375,-0.34999847412109375,0.0,24.46999931335449,0.050000000000000044,-0.009999999999999995,26.340000000000003,-0.04056999999999977,0.0,-0.004630104223304643
2020-08-31,-1.37890625,23.4599609375,-0.06999969482421875,-0.6399993896484375,22.959999084472656,0.0,0.009999999999999995,115.66999999999996,0.008689999999999642,0.0,-0.020439232327165848
2020-09-01,171.99609375,-7.699951171875,-0.3600006103515625,-0.23000335693360796,26.40999984741211,-0.020000000000000018,0.0,-127.17999999999998,0.014070000000000249,0.0,0.013687055397233805
2020-09-02,-18.2998046875,26.33984375,0.14999771118164062,0.1999969482421875,26.1200008392334,-0.039999999999999925,0.0,35.59,-0.010320000000000107,0.0,0.00024306848151217736
2020-09-03,218.8994140625,54.190185546875,-1.25,0.5100021362304688,26.56999969482422,-0.020000000000000018,0.0,33.140000000000015,0.0018899999999999473,0.0,-0.0058827440945389345
2020-09-04,-253.4521484375,-125.780029296875,-0.1399993896484375,-0.11000061035157671,33.599998474121094,-0.030000000000000027,0.0,5.689999999999998,-0.0164200000000001,0.0,-0.007786983940047674
2020-09-07,-19.16015625,-28.10009765625,-1.5999984741210938,-0.01999664306639204,30.75,0.08999999999999997,0.0,-19.51000000000002,0.014160000000000394,0.0,-0.00184436159451374
2020-09-08,195.0126953125,0.0,0.0,0.0,30.75,0.0,0.0,267.36,-0.010630000000000361,0.0,0.0026495379417236604
2020-09-09,54.0,-95.119873046875,-3.0100021362304688,0.7600021362304688,31.459999084472656,-0.030000000000000027,0.0,-282.59000000000003,0.00566000000000022,0.0,-0.018222715591156558
2020-09-10,120.2001953125,67.119873046875,1.2900009155273438,-0.2200012207031108,28.809999465942383,0.020000000000000018,0.0,0.7599999999999909,-0.007039999999999935,0.0,-0.05138451864272087
2020-09-11,-41.0,-59.77001953125,-0.75,0.07999420166014204,29.709999084472656,-0.029999999999999916,0.0,8.560000000000002,0.0022899999999999032,0.0,0.025283702808771853
2020-09-14,-16.7294921875,1.780029296875,0.030002593994140625,-0.00999450683595171,26.8700008392334,-0.010000000000000009,0.0,18.930000000000007,0.013809999999999878,0.0,0.02851608263851693
2020-09-15,25.529296875,42.570068359375,-0.07000350952148438,-0.26000213623045454,25.850000381469727,0.010000000000000009,0.0,33.59,-0.008329999999999949,0.0,-0.011880625399347798
2020-09-16,100.5,17.659912109375,1.020000457763679,-0.01999664306642046,25.59000015258789,0.0,0.0,-25.349999999999994,-0.0019000000000000128,0.0,-0.008343753977052452
2020-09-17,-113.900390625,-15.7099609375,1.8800010681152273,0.15999603271485796,26.040000915527344,0.009999999999999898,0.0,-0.6300000000000239,-0.00031999999999987594,0.0,-0.003977679356522067
2020-09-18,-57.0126953125,-28.47998046875,0.8100013732910156,-0.23999786376953125,26.459999084472656,0.0,0.0,4.27000000000001,4.999999999988347e-05,0.0,0.004124196957717572
2020-09-21,-24.5869140625,-37.5400390625,0.1399993896484375,-0.04000091552734375,25.82999992370605,0.010000000000000009,0.0,-4.5,-0.00010999999999983245,0.0,-0.011903065869714154
2020-09-22,-60.0,-38.409912109375,-1.7999992370605469,0.6100006103515625,27.780000686645508,-0.019999999999999907,0.0,-66.85,0.004559999999999675,0.0,-0.013141056078167727
2020-09-23,111.2001953125,34.510009765625,0.289997100830071,0.4499969482421733,26.86000061035156,0.0,0.0,-51.46000000000001,-0.009199999999999875,0.0,-0.0032760112391765493
2020-09-24,-96.6142578125,-78.650146484375,0.3300018310546946,0.40000152587892046,28.57999992370605,0.0,0.0,35.360000000000014,0.010180000000000078,0.0,-0.015408858457778288
2020-09-25,61.3994140625,9.670166015625,0.3800010681152344,-0.04000091552734375,28.51000022888184,-0.010000000000000009,0.0,84.78999999999999,-0.005930000000000213,0.0,0.02105296387784017
2020-09-28,35.5927734375,51.869873046875,-0.060001373291015625,0.23000335693357954,26.3799991607666,-0.010000000000000009,0.0,6.069999999999993,-0.003209999999999713,0.0,-0.007966305692252899
2020-09-29,23.421875,53.14013671875,0.34999847412108664,-0.31999969482419033,26.190000534057617,0.010000000000000009,0.0,-62.53,0.007859999999999978,0.0,-0.005610212966889651
2020-09-30,30.599609375,-16.130126953125,-1.309997558593743,-0.37000274658204546,26.270000457763672,-0.010000000000000009,0.0,-4.189999999999998,-0.003350000000000186,0.0,-0.0018584382281675923
2020-10-01,16.400390625,27.530029296875,0.9300003051757812,0.0,26.3700008392334,0.029999999999999916,0.0,22.170000000000016,-0.0015700000000000713,0.0,0.020336843244012696
2020-10-02,-31.0,17.800048828125,-1.5,-0.18000030517578125,26.700000762939453,-0.009999999999999898,0.0,51.72999999999999,-0.006879999999999775,0.0,-0.008762530470466002
2020-10-05,-61.44140625,-32.380126953125,-1.6700019836425781,0.12999725341796875,27.6299991607666,0.019999999999999907,0.0,130.79000000000002,0.008620000000000072,0.0,0.006481262231951644
2020-10-06,35.44140625,60.18017578125,2.170001983642578,-0.32999420166014204,27.959999084472656,0.08000000000000007,0.0,-116.45000000000005,-0.006159999999999943,0.0,0.008124605468177835
2020-10-07,-72.8173828125,-47.630126953125,1.4499969482421875,0.31999969482419033,29.479999542236328,-0.020000000000000018,0.0,60.44,-0.00270999999999999,0.0,0.001020829270014084
2020-10-08,-7.1826171875,58.469970703125,-0.7199974060058594,-0.20000457763671875,28.059999465942383,0.050000000000000044,0.0,92.60000000000002,0.0026199999999998447,0.0,0.006932879471817758
2020-10-09,-57.5,27.39013671875,1.2399978637695241,-0.01999664306639204,26.36000061035156,-0.030000000000000027,0.0,-131.96999999999997,0.000360000000000138,0.0,0.002877496565189706
2020-10-12,-38.50390625,30.309814453125,-0.5900001525878906,-0.5500030517577983,25.0,0.010000000000000009,0.0,11.789999999999964,-0.0015900000000002024,0.0,0.007773166044256834
2020-10-13,16.00390625,57.080078125,-1.1699981689453054,0.01000213623045454,25.06999969482422,0.0,0.0,-17.0,-0.0011199999999997878,0.0,0.007720344748354666
2020-10-14,-208.0078125,-22.2900390625,0.7700004577636719,0.45999908447265625,26.06999969482422,-0.050000000000000044,0.0,-68.82999999999998,0.003569999999999851,0.0,0.00844485246640302
2020-10-15,308.0078125,-23.260009765625,0.8400001525878906,-0.15000152587892046,26.399999618530277,-0.010000000000000009,0.0,120.94,0.00370999999999988,0.0,-0.013801892135395347
2020-10-16,-111.537109375,-5.329833984375,-0.0800018310546875,0.48000335693360796,26.96999931335449,0.010000000000000009,0.0,-200.62,-0.002869999999999706,0.0,-0.0003400752282999114
2020-10-19,-28.962890625,0.469970703125,-0.07999801635742188,-0.18000030517578125,27.40999984741211,0.020000000000000018,0.0,59.28999999999999,0.0016199999999999548,0.0,0.004480279006501436
2020-10-20,40.5,-56.89013671875,-0.049999237060546875,-0.25,29.18000030517578,0.020000000000000018,0.0,48.870000000000005,-0.0009300000000003195,0.0,-0.005180882741160939
2020-10-21,15.0,16.2001953125,0.6299972534179688,-0.3600006103515625,29.350000381469727,0.030000000000000027,0.0,-15.340000000000003,-0.0021199999999996777,0.0,-0.0006657410771787868
2020-10-22,-20.0,-7.56005859375,-1.4300003051757741,-0.45999908447265625,28.649999618530277,0.019999999999999907,0.0,-75.95999999999998,0.0013399999999998968,0.0,-0.0009088661557808522
2020-10-23,-48.224609375,17.929931640625,0.6100006103515554,0.3399963378906392,28.11000061035156,0.040000000000000036,0.0,9.719999999999999,0.0008099999999999774,0.0,0.003992961501566336
2020-10-26,0.0771484375,11.89990234375,-0.7900009155273509,-0.18000030517579546,27.549999237060547,-0.020000000000000018,0.0,-29.430000000000007,-0.002409999999999801,0.0,0.0062129888189955676
2020-10-27,2.9296875,-64.419921875,-1.289997100830071,0.28000640869139204,32.459999084472656,-0.039999999999999925,0.0,156.28,0.0010699999999999044,0.0,-0.0030808646847403677
2020-11-02,81.41796875,-10.2900390625,1.0099983215332031,-0.1100006103515625,33.349998474121094,-0.020000000000000018,0.0,-107.55000000000001,0.03114999999999979,0.0,-0.0025572046713562007
2020-11-03,-138.0302734375,-80.43994140625,-2.759998321533203,1.1100006103515625,37.130001068115234,0.07999999999999996,0.0,231.86,-0.031409999999999716,0.0,0.00862799129089119
2020-11-04,17.7880859375,58.919921875,0.8499984741210938,-0.5,35.54999923706055,0.030000000000000027,0.0,-83.63,-0.00140000000000029,0.0,-0.010570925977168898
2020-11-05,-63.0654296875,74.280029296875,1.4900016784667969,-0.1399993896484233,29.56999969482422,-0.12,0.0,35.39999999999998,0.001540000000000319,0.0,0.02993355959311048
2020-11-06,-180.892578125,67.010009765625,-0.3600006103515625,-0.8800048828125,27.57999992370605,0.010000000000000009,0.0,-67.63,0.005959999999999965,0.0,0.014194965788466612
2020-11-09,-104.0,-1.010009765625,-1.6500015258789062,-0.29999542236328125,24.86000061035156,0.039999999999999925,0.0,87.22000000000003,-0.0017800000000001148,0.0,0.0038303390036095245
2020-11-10,-57.328125,41.06005859375,3.1500015258789062,0.5,25.75,0.13,0.0,-135.95000000000002,-0.0038000000000000256,0.0,0.01973193065443165
2020-11-11,57.6884765625,-4.969970703125,1.0699996948242188,0.01999664306640625,24.799999237060547,0.020000000000000018,0.0,-62.31,0.0013499999999999623,0.0,0.008525997690952672
2020-11-12,-214.8154296875,27.1298828125,0.09000015258789062,0.29000091552734375,23.450000762939453,0.0,0.0,60.03,-0.0026100000000002233,0.0,-0.009283545507817239
2020-11-13,-162.5556640625,-35.64990234375,-0.3300018310546875,-0.0800018310546875,25.350000381469727,-0.09999999999999998,0.0,-67.81,-0.002489999999999881,0.0,0.00044984087302580244
2020-11-16,254.501953125,48.139892578125,-0.9899978637695312,-0.1999969482421733,23.100000381469727,0.010000000000000009,0.0,-60.459999999999994,0.003370000000000317,0.0,0.00617274328482758
2020-11-17,2.068359375,41.760009765625,1.2099990844726562,-0.1900024414062642,22.450000762939453,0.020000000000000018,0.0,130.45,0.0022299999999999542,0.0,0.006361648493318528
2020-11-18,-46.359375,-17.3798828125,0.09000015258789062,-0.15000152587889204,22.709999084472656,-0.040000000000000036,0.0,-57.43000000000001,-0.0018100000000003114,0.0,0.004974662696201593
2020-11-19,-62.7490234375,-41.739990234375,0.3899993896484375,-0.09999847412110796,23.84000015258789,0.010000000000000009,0.0,-42.0,0.00041000000000002146,0.0,0.006553538736531064
2020-11-20,83.7490234375,14.080078125,-0.07999801635742188,-0.029998779296875,23.11000061035156,-0.020000000000000018,-0.009999999999999995,69.84,-0.03617999999999988,-0.25,-0.004012882415466912
2020-11-23,79.7001953125,-24.330078125,0.4099998474121094,0.09999847412109375,23.700000762939453,-0.030000000000000027,0.0,5.549999999999983,-0.21160999999999985,0.0,0.01445238342217576
2020-11-24,-38.9091796875,20.050048828125,0.9099998474121094,0.12000274658204546,22.65999984741211,0.030000000000000027,0.0,185.39,-0.006450000000000067,0.0,0.008501993879885835
2020-11-25,13.6142578125,57.81982421875,1.8499984741210938,-0.2799987792968892,21.63999938964844,0.020000000000000018,0.0,-153.07999999999998,0.003730000000000011,0.0,-0.0038279853865039503
2020-11-26,-42.8056640625,-5.760009765625,0.7999992370605469,-0.2400054931640767,21.25,0.0,0.0,14.310000000000002,-0.00011000000000027654,0.0,0.014104228077949693
2020-11-27,5.6708984375,0.0,0.0,0.0,21.25,0.0,0.0,-119.26999999999998,-0.00012999999999996348,0.0,0.00405760517399221
2020-11-30,-229.8017578125,8.7001953125,-0.18000030517577414,-0.1999969482421733,20.84000015258789,-0.040000000000000036,0.0,80.76999999999998,0.005990000000000162,0.0,-0.029999384007275268
2020-12-01,163.9755859375,-16.72021484375,-0.18999862670899148,0.08000183105470171,20.56999969482422,0.0,0.009999999999999995,-82.16999999999999,-0.0030800000000001937,0.0,0.019816400527648114
2020-12-02,33.291015625,40.820068359375,-0.7900009155273438,-0.5600051879882812,20.770000457763672,0.08000000000000007,0.0,92.04999999999998,-0.0031599999999998296,0.0,0.01546901889892186
2020-12-03,80.064453125,6.56005859375,0.7299995422363352,-0.18999481201171875,21.170000076293945,0.029999999999999916,0.0,-91.5,-0.0021900000000001363,0.0,0.0015390796171657832
2020-12-04,-98.580078125,-2.2900390625,0.3600006103515554,-0.4100036621093892,21.280000686645508,-0.029999999999999916,0.0,33.21000000000001,0.0018700000000002603,0.0,-0.002141929715026319
2020-12-07,16.37890625,32.400146484375,0.6199989318847656,-0.01000213623045454,20.790000915527344,0.04999999999999993,0.0,25.22,0.010180000000000078,0.0,0.020488478030869433
2020-12-08,-16.30859375,-7.16015625,-0.5,0.09000396728514204,21.299999237060547,-0.030000000000000027,0.0,54.75999999999999,-0.008730000000000349,0.0,0.002298981651988456
2020-12-10,66.509765625,10.2900390625,-0.15999984741211648,0.18000030517578125,20.68000030517578,-0.019999999999999907,0.0,-10.25,0.0010200000000000209,0.0,-0.0018034759280602984
2020-12-11,7.0,-34.14990234375,1.1800003051757955,-0.18000030517578125,22.520000457763672,0.0,0.0,-3.599999999999966,0.0005700000000001815,0.0,0.0007801295390883356
2020-12-14,-67.4072265625,-4.64013671875,-0.20999908447266336,0.19000244140625,23.309999465942383,-0.020000000000000018,0.0,-133.74,-4.999999999988347e-05,0.0,0.012415517621751734
2020-12-15,-13.435546875,-15.969970703125,0.4200019836425781,-0.2700042724609375,24.71999931335449,0.0,0.0,64.61,0.0005899999999998684,0.0,-0.0003972809336491621
2020-12-16,152.7431640625,47.130126953125,0.6299972534179688,-0.23999786376953125,22.88999938964844,0.020000000000000018,0.0,-47.620000000000005,-0.005139999999999922,0.0,0.017854893237039652
2020-12-17,-31.900390625,6.5498046875,0.20000076293945312,-0.02000427246092329,22.5,0.0,0.0,-3.1699999999999875,0.0006599999999998829,0.0,-0.0008208156618441744
2020-12-18,-119.462890625,21.31005859375,0.5400009155273438,-0.629997253417983,21.93000030517578,0.019999999999999907,0.0,59.75,0.000780000000000225,0.0,-0.0014827036771584746
2020-12-21,13.3134765625,-13.070068359375,0.7399978637695241,0.1999969482421875,21.56999969482422,0.010000000000000009,0.0,-49.20000000000002,-0.0008300000000001084,0.0,0.00999194348429545
2020-12-22,-14.9130859375,-14.489990234375,-1.3599967956542898,0.0200042724609375,25.15999984741211,0.0,0.0,100.12,0.0030399999999999316,0.0,-0.023355885820891785
2020-12-23,31.7939453125,-7.659912109375,-0.720001220703125,0.6100006103515625,24.229999542236328,-0.019999999999999907,0.0,-99.23999999999998,-0.0026199999999998447,0.0,-0.0024235517999028513
2020-12-28,223.46875,2.75,1.0999984741210938,-0.23999786376953125,23.309999465942383,0.029999999999999916,0.0,143.51999999999998,0.009679999999999911,0.0,0.014021609617744249
2020-12-29,-413.056640625,45.35009765625,-0.5,-0.07000732421875,21.700000762939453,-0.020000000000000018,0.0,-73.6,-0.011109999999999953,0.0,-0.009461184783817246
2020-12-30,214.9765625,-8.320068359375,0.3800010681152344,-0.32999420166015625,23.07999992370605,0.0,0.0,68.89000000000001,0.0042999999999997485,0.0,-0.009504759324063103
2021-01-04,-56.2109375,5.0,0.40000152587890625,-0.3800048828125,22.770000457763672,-0.009999999999999898,0.0,82.09999999999997,0.006610000000000227,0.0,0.02082581175861189
2021-01-05,-47.408203125,-31.39013671875,-0.7800025939941406,0.25,26.96999931335449,0.0,0.0,-135.15999999999997,-0.0047000000000001485,0.0,0.005300483941712799
2021-01-06,-91.1005859375,26.210205078125,2.3100013732910156,-0.43999481201171875,25.34000015258789,0.029999999999999916,0.0,-24.689999999999998,-0.005409999999999915,0.0,-0.01174486962923789
2021-01-07,-1.400390625,21.27978515625,0.7000007629394531,0.089996337890625,25.06999969482422,0.08000000000000007,0.0,-68.80000000000001,0.0007399999999999629,0.0,0.014395602841901625
2021-01-08,21.5,55.650146484375,0.20000076293945312,0.3000030517578125,22.3700008392334,0.040000000000000036,0.0,-15.519999999999996,0.0005299999999999194,0.0,0.016791663763074473
2021-01-11,-58.5224609375,20.889892578125,1.4099998474121094,0.26999664306640625,21.559999465942383,0.04999999999999982,0.0,-19.49000000000001,0.0019000000000000128,0.0,0.019794065688339794
2021-01-12,-31.5849609375,-25.06982421875,0.009998321533203125,0.44000244140625,24.07999992370605,0.020000000000000018,0.0,203.89999999999998,-0.0007099999999997664,0.0,0.001992695893370188
2021-01-13,227.3427734375,1.579833984375,0.9599990844726562,-0.48999786376953125,23.32999992370605,0.0,0.0,-79.54999999999998,-0.000600000000000378,0.0,0.006162675725341534
2021-01-14,-57.6572265625,8.650146484375,-0.2999992370605469,0.26999664306640625,22.209999084472656,-0.04999999999999982,0.0,-5.5800000000000125,-0.002189999999999692,0.0,-0.0010712677971851483
2021-01-15,134.921875,-14.300048828125,0.6599998474121094,-0.08000183105470171,23.25,0.04999999999999982,0.0,-65.63,0.009360000000000035,0.0,-0.008577462779245884
2021-01-18,-102.8525390625,-27.2900390625,-1.2099990844726562,0.540000915527358,24.34000015258789,-0.039999999999999813,0.0,-8.009999999999991,-0.003510000000000346,0.0,0.002573308379607778
2021-01-19,-182.3681640625,0.0,0.0,0.0,24.34000015258789,0.0,0.0,9.669999999999987,-0.002949999999999786,0.0,-0.010695458380818751
2021-01-20,220.0205078125,30.659912109375,0.6199989318847656,-0.279998779296875,23.239999771118164,-0.010000000000000009,0.0,10.580000000000013,-0.003330000000000055,0.0,0.01692404316398653
2021-01-21,21.2001953125,52.940185546875,0.26000213623046875,-0.029998779296875,21.57999992370605,0.0,0.0,139.14999999999998,0.00019999999999997797,0.0,-0.002470595328748135
2021-01-22,-84.7998046875,1.219970703125,-0.1100006103515625,-0.34000396728517046,21.31999969482422,0.020000000000000018,-0.009999999999999995,-28.379999999999995,0.0033199999999999896,0.0,-0.016786020567228083
2021-01-25,-76.4384765625,-11.60009765625,-0.8600006103515625,0.1100006103515625,21.90999984741211,-0.020000000000000018,0.0,-88.94999999999999,0.005600000000000271,0.0,-0.007728247905503371
2021-01-26,52.1337890625,13.89013671875,0.5,0.15000152587892046,23.190000534057617,-0.050000000000000044,0.0,49.849999999999994,-0.006810000000000205,0.0,-0.01909943310419213
2021-01-27,135.6044921875,-5.739990234375,-0.15999984741210938,-0.2200012207031108,23.020000457763672,0.0,0.0,13.080000000000013,0.00031999999999987594,0.0,-0.00506198680997567
2021-01-28,-6.5,-98.85009765625,0.23999786376952414,0.48000335693357954,37.209999084472656,-0.010000000000000009,0.0,-3.8000000000000114,0.0014300000000000423,0.0,-0.021472499612315798
2021-01-29,53.0,36.60986328125,-0.509998321533196,-0.19000244140625,30.209999084472656,0.030000000000000027,-0.009999999999999995,-101.13,-0.0009199999999998099,0.0,-0.019767192057715027
2021-02-01,-340.1357421875,-73.139892578125,-0.1399993896484375,0.12000274658201704,33.09000015258789,0.040000000000000036,0.0,98.96000000000001,0.001980000000000093,0.0,0.03440316536545329
2021-02-02,-26.7275390625,59.6201171875,1.3499984741210938,0.43999481201173296,30.239999771118164,-0.020000000000000018,0.009999999999999995,-104.92000000000002,-0.0014700000000003044,0.0,-0.003914355026519688
2021-02-03,290.36328125,52.449951171875,1.2099990844726562,0.18000030517579546,25.559999465942383,0.030000000000000027,0.0,138.71,0.0007100000000002105,0.0,0.005594051053195332
2021-02-04,-122.96484375,3.85986328125,0.9300003051757741,-0.07999420166015625,22.90999984741211,0.029999999999999805,0.0,-137.1,0.00018999999999991246,0.0,0.004837235136193426
2021-02-05,-11.5830078125,41.570068359375,0.5400009155273509,0.40999603271482954,21.770000457763672,0.0,0.0,-16.289999999999992,0.0033799999999999386,0.0,0.0072621877110897815
2021-02-08,26.521484375,15.090087890625,0.6199989318847585,-0.48999786376953125,20.8700008392334,0.040000000000000036,0.0,-18.16000000000001,-0.0006599999999998829,0.0,0.009245123395480765
2021-02-09,-9.3701171875,28.760009765625,1.1200027465820384,-0.1100006103515625,21.239999771118164,0.0,-0.009999999999999995,121.41000000000001,-0.0016099999999998893,0.0,-0.004389539730081989
2021-02-10,-10.6435546875,-4.360107421875,0.3899993896484375,-0.48999786376954546,21.6299991607666,-0.010000000000000009,0.009999999999999995,-148.16000000000003,0.0005599999999996719,0.0,0.003255342641430168
2021-02-11,-1.271484375,-1.35009765625,0.31999969482421875,-0.06999969482419033,21.989999771118164,-0.030000000000000027,0.0,28.560000000000002,2.0000000000131024e-05,0.0,0.0033310220158122295
2021-02-15,37.8115234375,6.5,-0.4399986267089844,0.04999542236328125,21.25,0.010000000000000009,0.0,8.920000000000002,0.0008699999999999264,0.0,0.007652933361950934
2021-02-16,-61.0,18.4501953125,1.2299995422363281,0.06000518798826704,19.96999931335449,0.040000000000000036,0.0,30.859999999999985,-0.0010900000000000354,0.0,0.0035138568202823716
2021-02-17,-59.0,-2.239990234375,0.5799980163574219,0.02999877929688921,21.459999084472656,0.10000000000000009,0.0,-2.5,0.0012400000000001299,0.0,-0.010330335980587808
2021-02-18,132.2001953125,-1.260009765625,1.0900001525878906,0.43999481201171875,21.5,-0.010000000000000009,0.0,-65.41,0.002060000000000173,0.0,-0.004412598430375782
2021-02-19,-31.7255859375,-17.360107421875,-0.6199989318847656,-0.3600006103515767,22.489999771118164,0.0,-0.009999999999999995,63.140000000000015,-0.04113000000000033,-0.25,0.005087432522048232
2021-02-22,-9.2763671875,-7.260009765625,-1.279998779296875,-0.2299957275390625,22.049999237060547,0.050000000000000044,0.0,-41.510000000000005,-0.2022299999999997,0.0,0.0037446068754244644
2021-02-23,-99.78125,-30.2099609375,2.25,-0.34999847412109375,23.450000762939453,0.030000000000000027,0.0,25.790000000000006,-0.003810000000000091,0.0,0.002792937768818649
2021-02-24,209.279296875,4.8701171875,0.17999649047851562,0.15999603271485796,23.11000061035156,0.0,0.0,12.949999999999989,-0.0017900000000001803,0.0,-0.003473841013244694
2021-02-25,-26.0791015625,44.059814453125,1.5500030517578125,0.01000213623045454,21.34000015258789,0.009999999999999787,0.0,41.69,0.0012099999999999334,0.0,0.006154667298490985
2021-02-26,16.1826171875,-96.08984375,0.3099975585937571,-0.05000305175782671,28.88999938964844,0.16000000000000014,0.0,-62.2,0.0021100000000000563,0.0,-0.007636843487879462
2021-03-01,-129.6142578125,-18.190185546875,-2.029998779296882,0.8000030517578267,27.950000762939453,-0.10000000000000009,0.0,98.51,0.0032000000000000917,0.0,0.015376282107347025
2021-03-02,142.3994140625,90.670166015625,-0.8600006103515625,0.1100006103515625,23.350000381469727,0.010000000000000009,0.0,34.54000000000002,-0.008099999999999774,0.0,0.0032591545064527055
2021-03-03,135.03515625,-31.530029296875,-0.8899993896484375,-0.25,24.100000381469727,-0.030000000000000027,0.0,-135.79000000000002,3.999999999981796e-05,0.0,0.0027562533623384897
2021-03-04,-6.4384765625,-50.570068359375,1.529998779296882,0.15999603271485796,26.670000076293945,0.050000000000000044,0.0,-18.560000000000002,0.0023599999999999177,0.0,-0.01357157283608137
2021-03-05,109.818359375,-51.25,2.5500030517578054,0.6800003051757528,28.56999969482422,0.07000000000000006,0.0,-26.959999999999994,0.0010799999999999699,0.0,-0.0051077337200280985
2021-03-08,-80.1201171875,73.469970703125,2.2599945068359375,0.3500061035156392,24.65999984741211,0.020000000000000018,0.0,154.55,0.0012500000000001954,0.0,-0.001644520052900267
2021-03-09,18.5126953125,-20.58984375,-1.0399932861328125,0.32999420166017046,25.46999931335449,0.030000000000000027,0.0,97.45000000000002,-0.0038000000000000256,0.0,-0.007843458041793965
2021-03-10,57.0830078125,54.08984375,-1.0400009155273438,-0.34999847412110796,24.030000686645508,-0.040000000000000036,0.0,-160.70000000000002,3.999999999981796e-05,0.0,0.010435031268801442
2021-03-12,48.5244140625,23.3701171875,0.43000030517578125,-0.1699981689453125,22.559999465942383,-0.020000000000000018,0.0,27.55000000000001,-0.0007999999999999119,0.0,0.014819349658648048
2021-03-15,-109.099609375,44.530029296875,1.1699981689453125,-0.1100006103515625,20.690000534057617,0.10999999999999988,0.0,-88.62000000000002,0.003550000000000164,0.0,-0.005353891216612432
2021-03-16,101.30859375,25.599853515625,-0.220001220703125,0.15000152587889204,20.030000686645508,-0.019999999999999796,0.0,100.14,-0.004120000000000346,0.0,-0.002304832222623816
2021-03-17,78.791015625,-6.22998046875,-0.589996337890625,0.04000091552737217,19.790000915527344,0.0,0.0,-119.39,-0.0026399999999999757,0.0,-0.005159521907942098
2021-03-18,-36.5,11.41015625,-0.20000457763671875,-0.4700012207031392,19.229999542236328,0.009999999999999787,0.0,100.42999999999999,-0.0033999999999996255,0.0,0.011184394566729027
2021-03-19,-24.5,-58.66015625,-4.599998474121094,0.4499969482421875,21.57999992370605,0.08000000000000007,0.0,-7.869999999999976,0.012169999999999792,0.0,0.0013115653221503578
2021-03-22,28.0,-2.35986328125,1.4199981689453125,0.06999969482423296,20.950000762939453,0.030000000000000027,0.0,31.639999999999986,-0.005079999999999973,0.0,-0.008695327227788138
2021-03-23,-58.7998046875,27.489990234375,0.13000106811523438,-0.11999511718752842,18.8799991607666,-0.050000000000000044,0.0,63.70000000000002,-0.0012799999999999478,0.0,-0.007713842888902251
2021-03-24,3.599609375,-30.070068359375,-3.7900009155273438,0.5399932861328267,20.299999237060547,-0.06000000000000005,0.0,-81.83000000000001,-0.0005500000000000504,0.0,-0.015565295921374732
2021-03-25,129.7001953125,-21.380126953125,3.420001983642578,0.19000244140625,21.200000762939453,-0.009999999999999787,0.0,-67.29,0.005370000000000097,0.0,-0.005418063014643428
2021-03-26,-45.5,20.380126953125,-2.6199989318847656,0.34999847412107954,19.809999465942383,0.009999999999999787,0.0,15.810000000000016,0.0031200000000000117,0.0,0.011801314226951963
2021-03-29,-3.599609375,65.02001953125,2.4099998474121094,-0.11000061035154829,18.86000061035156,0.040000000000000036,0.0,-33.06000000000002,-0.012150000000000105,0.0,-0.004650268426757001
2021-03-30,-45.400390625,-3.449951171875,0.5900001525878906,0.17000579833982954,20.739999771118164,0.06000000000000005,0.0,68.67,0.002269999999999772,0.0,-0.015586841486359911
2021-03-31,100.7001953125,-12.5400390625,-1.0100021362304688,0.3600006103515625,19.61000061035156,0.0,0.0,-56.5,0.000640000000000196,0.0,-0.014252572582570821
2021-04-01,93.2998046875,14.33984375,-1.3899993896484375,-0.06999969482420454,19.399999618530277,0.010000000000000009,-0.010000000000000009,14.870000000000005,0.002489999999999881,0.0,0.004323442515126444
2021-04-05,1.0,46.980224609375,2.2900009155273438,-0.3000030517578125,17.329999923706055,-0.050000000000000044,0.010000000000000009,-59.94,-0.0019599999999999618,0.0,-0.006872136498303745
2021-04-06,-88.0,58.039794921875,-2.799999237060547,-0.3300018310546875,17.90999984741211,0.040000000000000036,0.0,105.50999999999999,0.0023800000000000487,0.0,0.005426177912875889
2021-04-07,11.2001953125,-3.969970703125,0.6800003051757812,-0.26000213623046875,18.1200008392334,-0.06000000000000005,0.0,-56.14,-0.0018099999999998673,0.0,0.005622592368879165
2021-04-08,-68.900390625,6.010009765625,0.4399986267089844,0.12000274658203125,17.15999984741211,0.010000000000000009,0.0,79.98,0.0013700000000000934,0.0,0.005798979476628071
2021-04-09,180.7001953125,17.219970703125,-0.17000198364258523,-0.40000152587889204,16.950000762939453,-0.040000000000000036,0.0,-90.37,0.0020999999999999908,0.0,-0.00024957092309000603
2021-04-12,19.7001953125,31.6298828125,-0.2799987792968679,0.10000610351561079,16.690000534057617,0.030000000000000027,0.0,-0.029999999999986926,0.00041000000000002146,0.0,-0.02024237271564443
2021-04-13,-102.7001953125,-0.8095703125,0.3800010681152344,-0.0200042724609375,16.90999984741211,0.020000000000000018,0.0,-45.44000000000001,-0.0038200000000001566,0.0,-0.003559077874656284
2021-04-14,53.900390625,13.599609375,0.4799995422363281,-0.29000091552734375,16.649999618530273,-0.050000000000000044,0.0,43.22,-0.00132000000000021,0.0,0.020512287877048153
2021-04-15,9.19921875,-16.9296875,2.970001220703125,-0.15999603271485796,16.989999771118164,0.0,0.0,-47.69,-0.0043400000000000105,0.0,0.004818745564040224
2021-04-16,52.7001953125,45.759765625,0.30999755859375,-0.02000427246090908,16.56999969482422,-0.07999999999999985,0.0,46.80000000000001,0.004469999999999974,0.0,0.0011107957587205184
2021-04-19,-57.7998046875,15.05029296875,-0.3299980163574219,-0.1100006103515625,16.25,0.030000000000000027,0.0,-25.080000000000013,0.006960000000000299,0.0,-0.00555538704362268
2021-04-20,-58.0,-22.21044921875,0.25,-0.48999786376954546,17.290000915527344,0.020000000000000018,0.0,5.150000000000006,-0.007750000000000146,0.0,-0.0023519031957543062
2021-04-21,12.0,-28.31982421875,-0.9400024414062571,0.1699981689452983,18.68000030517578,-0.030000000000000027,0.0,-2.010000000000005,1.0000000000065512e-05,0.0,-0.0074935895158402075
2021-04-22,-26.7998046875,38.47998046875,-1.0900001525878906,-0.07999420166014204,17.5,-0.010000000000000009,0.0,10.719999999999999,-0.0012199999999999989,0.0,0.00015714708261974807
2021-04-23,21.0,-38.43994140625,0.0800018310546946,0.1699981689452983,18.709999084472656,0.0,0.0,-29.89,-0.0022700000000002163,0.0,0.0037764755805901906
2021-04-26,42.3994140625,45.18994140625,0.7099990844726562,-0.4700012207031108,17.329999923706055,0.010000000000000009,0.0,32.02000000000001,0.0017300000000002314,0.0,-0.008687141734638215
2021-04-27,-88.599609375,7.4501953125,-0.22999954223632812,-0.05000305175779829,17.639999389648438,0.0,0.0,-17.85000000000001,-0.0030000000000001137,0.0,-0.000872109136310753
2021-04-28,-58.400390625,-0.89990234375,1.029998779296868,0.10000610351561079,17.559999465942383,0.04999999999999982,0.0,80.42999999999999,0.002909999999999968,0.0,0.002489993834698913
2021-04-29,56.80078125,-3.5400390625,0.9200019836425852,-0.3000030517578125,17.280000686645508,0.0,0.0,-63.11999999999999,-0.0015299999999998093,0.0,0.006420397678241332
2021-04-30,2.599609375,28.2900390625,1.1500015258789062,0.0,17.610000610351562,0.020000000000000018,-0.010000000000000009,51.019999999999996,0.006399999999999739,0.0,-0.002888725018713868
2021-05-03,-79.2998046875,-30.30029296875,-1.4300003051757812,0.6699981689453125,18.61000061035156,0.0,-0.009999999999999995,-27.489999999999995,-0.00023999999999979593,0.0,-0.007200947538436207
2021-05-04,-1.7001953125,11.490234375,0.9099960327148438,-0.3300018310546733,18.309999465942383,-0.020000000000000018,0.009999999999999995,171.44,0.004249999999999865,0.0,0.0018835627479878029
2021-05-05,-38.900390625,-28.0,1.2000045776367188,0.34000396728514204,19.479999542236328,-0.019999999999999796,0.0,-178.06,0.0029799999999999827,0.0,0.0020253911533999126
2021-05-06,83.400390625,2.9296875,-0.06000518798828125,0.01999664306642046,19.149999618530277,-0.020000000000000018,0.0,57.67999999999999,-0.00525999999999982,0.0,-0.0009494101805951386
2021-05-07,-83.0,34.0302734375,-0.9199981689453125,-0.3600006103515625,18.38999938964844,-0.010000000000000009,0.0,-34.5,-0.0015100000000001224,0.0,-0.007048140880131699
2021-05-10,-115.7001953125,30.97998046875,0.19000244140625,-0.719993591308608,16.690000534057617,0.020000000000000018,0.0,28.02000000000001,0.0020700000000002383,0.0,0.007976796949471576
2021-05-11,-5.7998046875,-44.169921875,0.01999664306640625,-0.0200042724609375,19.65999984741211,0.029999999999999805,0.0,-1.6099999999999852,-0.0031600000000002737,0.0,-0.0062843250235293776
2021-05-17,-88.400390625,-36.330078125,0.3600006103515625,-0.06999969482421875,21.84000015258789,0.010000000000000009,0.0,7.089999999999975,0.11836000000000002,0.0,-0.017752647439772413
2021-05-18,1.400390625,11.18994140625,0.9899978637695312,0.0800018310546875,19.71999931335449,0.0,0.0,-46.94999999999999,-0.12280999999999986,0.0,9.156120395814893e-05
2021-05-19,153.5,-35.4599609375,-0.779998779296875,-0.470001220703125,21.34000015258789,0.0,0.0,-32.53,0.007600000000000051,0.0,-0.012731555923924236
2021-05-20,17.7998046875,-12.14990234375,-2.1299972534179688,0.4400024414062358,22.18000030517578,0.040000000000000036,0.0,51.28,-0.0025800000000000267,0.0,0.006404694584650074
2021-05-21,27.400390625,43.43994140625,-1.3100013732910156,-0.3800048828124858,20.670000076293945,-0.050000000000000044,0.0,41.53,-0.0005899999999998684,0.0,-0.004230867748317481
2021-05-24,7.599609375,-3.26025390625,1.5300025939941406,0.20999908447265625,20.149999618530277,0.0,0.0,-80.28,0.002129999999999743,0.0,-0.0016448794995100073
2021-05-25,-49.2998046875,41.18994140625,2.470001220703125,-0.18999481201171875,18.399999618530277,-0.019999999999999796,0.0,74.49000000000001,-0.0012300000000000644,0.0,0.009017399588544231
2021-05-27,17.0,-8.919921875,0.01999664306640625,-0.19000244140625,18.84000015258789,-0.050000000000000044,0.0,-37.83000000000001,0.0025100000000000122,0.0,0.004458580287458912
2021-05-28,-55.0,12.75,0.779998779296875,0.3300018310546875,16.739999771118164,0.050000000000000044,0.0,-75.35,-0.002269999999999772,0.0,0.0011613051660520192
2021-05-31,8.0,3.22998046875,-0.529998779296875,0.05999755859375,16.760000228881836,-0.030000000000000027,-0.009999999999999995,101.61000000000001,0.00023999999999979593,0.0,0.01675963556046472
2021-06-02,-40.0,0.0,0.0,0.0,16.760000228881836,0.0,0.0,-97.17000000000002,-0.00016999999999978144,0.0,0.01404396508625777
2021-06-03,-26.5,4.01025390625,2.5100021362304688,-0.12999725341796875,17.479999542236328,0.010000000000000009,0.009999999999999995,8.620000000000005,-0.0014600000000002389,0.0,0.00988783230024823
2021-06-04,39.2001953125,-15.27001953125,-0.0200042724609375,0.5999984741210938,18.040000915527344,0.039999999999999813,0.0,26.129999999999995,0.0025800000000000267,0.0,-0.004334606316352558
2021-06-07,69.2998046875,37.0400390625,0.8100051879882812,-0.3600006103515625,16.420000076293945,-0.06999999999999984,0.0,-41.44,-0.0034199999999997566,0.0,0.0007859915109238755
2021-06-08,-72.0,-3.3701171875,-0.3899993896484375,-0.19000244140625,16.420000076293945,0.010000000000000009,0.0,43.43000000000001,0.003669999999999618,0.0,-0.011693585794253027
2021-06-09,-41.5,0.73974609375,0.8199996948242188,0.1300048828124858,17.06999969482422,-0.040000000000000036,0.0,-1.6200000000000045,0.0031200000000000117,0.0,0.007986525231172768
2021-06-10,34.5,-7.7099609375,-0.09000396728515625,0.04000091552737217,17.889999389648438,-0.030000000000000027,0.0,22.039999999999992,-0.007120000000000015,0.0,0.009882914357376132
2021-06-11,19.0,19.63037109375,0.3300018310546875,-0.04000091552737217,16.100000381469727,-0.050000000000000044,0.0,-8.969999999999999,0.008130000000000415,0.0,-0.0019734466677555416
2021-06-14,-51.5,8.259765625,0.6200027465820312,0.4799957275390909,15.649999618530272,0.020000000000000018,0.0,-25.14,-0.0029200000000000337,0.0,-0.002482496204785687
2021-06-15,-66.5,7.7099609375,-0.03000640869140625,-0.04000091552735796,16.389999389648438,0.040000000000000036,0.0,19.49000000000001,-0.00148000000000037,0.0,0.0014223022955113039
2021-06-16,85.5,-8.56005859375,1.2400054931640625,0.0200042724609375,17.020000457763672,0.0,0.0,-7.859999999999999,-0.00015999999999971593,0.0,-0.0017209987675439542
2021-06-17,12.7998046875,-22.8896484375,0.029998779296875,0.5899963378906108,18.149999618530277,0.06000000000000005,0.0,-4.540000000000006,-0.009009999999999962,0.0,-0.0016664335040531741
2021-06-18,186.2001953125,-1.84033203125,-1.1100006103515625,0.760002136230483,17.75,-0.050000000000000044,0.04000000000000001,-10.39,0.0041999999999999815,0.0,-0.01015723534042335
2021-06-21,88.2001953125,-55.40966796875,0.5999984741210938,0.34000396728515625,20.700000762939453,-0.07000000000000006,0.0,47.879999999999995,-0.01136999999999988,0.0,-0.001810689449816387
2021-06-22,-186.7001953125,58.33984375,2.0200042724609375,-0.37000274658203125,17.889999389648438,0.050000000000000044,0.0,31.79000000000002,0.00649999999999995,0.0,0.015158871742467486
2021-06-23,20.7998046875,21.64990234375,-0.600006103515625,-0.12999725341796875,16.65999984741211,-0.020000000000000018,0.0,-74.11000000000001,-0.0006800000000000139,0.0,-0.008793512597266519
2021-06-24,106.2001953125,-4.60009765625,0.0200042724609375,0.06999969482420454,16.31999969482422,0.020000000000000018,0.0,-39.72,0.003809999999999647,0.0,-0.0037333096748540747
2021-06-25,-81.7001953125,24.650390625,0.220001220703125,0.01999664306642046,15.970000267028809,-0.010000000000000009,0.0,52.760000000000005,-0.002669999999999728,0.0,0.0017188607073305691
2021-06-28,97.900390625,14.2099609375,0.75,-0.01000213623045454,15.619999885559082,0.050000000000000044,0.0,-20.16000000000001,0.0022400000000000198,0.0,-0.013865568202502367
2021-06-29,-93.2001953125,9.90966796875,-1.1399993896484375,0.06999969482419033,15.760000228881836,-0.050000000000000044,0.0,75.59,0.00354999999999972,0.0,0.0016114057176787571
2021-06-30,107.0,1.18994140625,0.06999969482421875,0.17000579833984375,16.020000457763672,0.0,0.0,-93.96,0.0015100000000001224,0.0,0.006106491314906784
2021-07-01,104.099609375,5.7001953125,0.48999786376953125,0.3899993896484375,15.829999923706056,-0.040000000000000036,-0.020000000000000004,59.14,0.006950000000000234,0.0,0.0034139764020915094
2021-07-02,-27.5,22.43994140625,1.7600021362304688,0.15999603271485796,15.479999542236328,0.030000000000000027,0.020000000000000004,-50.99000000000001,-0.006970000000000365,0.0,0.0028347933413309773
2021-07-05,-20.19921875,32.39990234375,-0.06999969482421875,-0.3699951171875,15.06999969482422,-0.040000000000000036,0.0,50.43000000000001,-0.00641999999999987,0.0,-0.002892924157553987
2021-07-06,-55.400390625,0.0,0.0,0.0,15.06999969482422,0.0,0.0,11.689999999999998,0.0035000000000002807,0.0,0.006886763833275684
2021-07-07,-31.0,-8.7998046875,-1.7900009155273438,0.31999969482420454,16.440000534057617,-0.06999999999999984,0.0,54.80000000000001,-0.0018400000000000638,0.0,-0.0005084265857753092
2021-07-08,73.7001953125,14.58984375,-1.1700057983398438,0.08999633789063921,16.200000762939453,-0.040000000000000036,0.0,-142.35000000000002,0.002689999999999859,0.0,-0.0006853916530682359
2021-07-09,0.5,-37.31005859375,0.7400054931640625,-0.279998779296875,19.0,-0.030000000000000027,0.0,10.46,0.008509999999999796,0.0,-8.56935852855014e-06
2021-07-12,49.5,48.72998046875,1.6199951171875,-0.23000335693360796,16.18000030517578,0.07000000000000006,0.0,16.61,-0.007460000000000022,0.0,0.006390897464760165
2021-07-13,-97.7001953125,15.080078125,-0.45999908447265625,0.10000610351563921,16.170000076293945,0.009999999999999787,0.0,59.81000000000002,0.005070000000000352,0.0,-0.011006288465561447
2021-07-14,37.5,-15.419921875,1.1500015258789062,0.5199966430664062,17.1200008392334,0.040000000000000036,0.0,48.23999999999998,-0.007070000000000132,0.0,-0.005473569938807337
2021-07-15,-16.400390625,5.08984375,-2.1200027465820312,-0.339996337890625,16.329999923706055,-0.04999999999999982,0.0,-93.66999999999999,0.006460000000000132,0.0,0.01123232131923896
2021-07-16,-69.099609375,-14.27001953125,-1.4799957275390625,0.20999908447267046,17.010000228881836,-0.06000000000000005,0.0,55.139999999999986,-0.015050000000000008,0.0,0.0042504064351877174
2021-07-19,90.0,-32.86962890625,0.15999603271484375,0.06999969482419033,18.450000762939453,0.0,0.0,-13.109999999999985,0.01709999999999967,0.0,-0.009117707693029657
2021-07-21,-72.0,-68.669921875,-5.3899993896484375,0.1999969482422017,22.5,-0.1200000000000001,0.0,-36.72000000000001,-0.006170000000000009,0.0,0.00208876056801526
2021-07-22,129.0,100.19970703125,3.8800048828125,-0.1399993896484375,17.90999984741211,0.1100000000000001,0.0,81.2,-0.00981999999999994,0.0,0.01768208762604506
2021-07-23,-84.0,8.7900390625,1.6100006103515625,0.06999969482421875,17.690000534057617,-0.030000000000000027,0.0,-94.09,-0.0010099999999999554,0.0,-0.005859358180331534
2021-07-26,12.7001953125,44.31005859375,0.15999603271484375,0.09000396728515625,17.200000762939453,0.030000000000000027,0.0,47.56,0.0016500000000001513,0.0,0.0007706535769801736
2021-07-27,-62.7001953125,10.509765625,-0.15999603271484375,-0.26000213623046875,17.579999923706055,-0.010000000000000009,0.0,-13.209999999999994,0.006739999999999746,0.0,-0.0015315705197667686
2021-07-28,37.5,-20.83984375,-0.26000213623046875,-0.220001220703125,19.36000061035156,-0.040000000000000036,0.0,7.1000000000000085,0.00024000000000024002,0.0,-0.0013993402120612915
2021-07-29,30.5,-0.81982421875,0.7399978637695312,-0.1100006103515625,18.309999465942383,0.010000000000000009,0.0,20.109999999999985,0.004290000000000127,0.0,0.005275373384601839
2021-07-30,-91.400390625,18.509765625,1.2300033569335938,-0.45999908447265625,17.700000762939453,0.020000000000000018,0.0,-8.259999999999991,0.0016699999999998383,0.0,-0.008315848227011213
2021-08-02,-12.599609375,-23.89013671875,0.32999420166015625,0.3099975585937642,18.239999771118164,-0.040000000000000036,-0.03,-10.960000000000008,0.01969999999999983,0.0,0.0043568437062874495
2021-08-03,6.0,-8.099609375,-2.6899948120117188,-0.11999511718752842,19.459999084472656,-0.040000000000000036,0.03,-8.86,-0.028209999999999624,0.0,0.0055659774696489705
2021-08-04,-58.599609375,35.98974609375,-0.7000045776367188,0.029998779296875,18.040000915527344,-0.010000000000000009,0.0,-46.769999999999996,-0.0020500000000001073,0.0,0.004632273234334499
2021-08-05,-47.900390625,-20.48974609375,-2.4099960327148438,0.18999481201173296,17.969999313354492,0.0,0.0,-10.420000000000002,0.00741999999999976,0.0,0.007502484208661721
2021-08-06,-10.900390625,26.43994140625,0.9399948120117188,-0.02999877929688921,17.280000686645508,0.040000000000000036,0.0,111.61999999999999,-0.009409999999999918,0.0,-0.0003200683637309983
2021-08-09,46.900390625,7.419921875,-0.80999755859375,0.5600051879882812,16.149999618530273,0.08000000000000007,0.0,-71.88999999999999,0.006470000000000198,0.0,-0.012322886066841175
2021-08-10,-39.5,-4.169921875,-1.7999954223632812,0.14999389648440342,16.719999313354492,0.020000000000000018,0.0,27.840000000000003,-0.005930000000000213,0.0,-0.006392995817581775
2021-08-12,56.099609375,4.39990234375,1.80999755859375,0.1100006103515625,16.790000915527344,0.030000000000000027,0.0,264.90999999999997,0.005349999999999966,0.0,0.008381370728557672
2021-08-13,-7.099609375,24.080078125,0.7999954223632812,-0.01999664306642046,15.59000015258789,0.0,0.0,-309.48,-0.0044200000000000905,0.0,-2.6006367903220497e-05
2021-08-16,-54.0,7.169921875,-0.649993896484375,-0.5200042724609375,15.449999809265137,-0.07000000000000006,0.0,11.010000000000005,0.005970000000000031,0.0,-0.008436688953857843
2021-08-18,40.0,11.7099609375,-1.1500015258789062,0.11000061035154829,16.1200008392334,-0.030000000000000027,0.0,29.78,0.006839999999999957,0.0,0.004954403116703499
2021-08-19,44.099609375,-79.43994140625,-1.8300018310546875,0.510002136230483,21.56999969482422,0.010000000000000009,-0.010000000000000009,-17.950000000000003,-0.01191999999999993,0.0,-0.020780801350806496
2021-08-20,29.1005859375,5.52978515625,-1.770000457763679,0.43000030517578125,21.670000076293945,-0.030000000000000027,0.0,-34.650000000000006,0.004290000000000127,0.0,0.006396078612455801
2021-08-23,39.2001953125,35.8701171875,-1.3699989318847585,-0.06999969482421875,18.559999465942383,0.020000000000000018,0.0,6.769999999999996,0.002889999999999837,0.0,0.013023618128923277
2021-08-24,-47.400390625,37.85986328125,3.3199996948242188,-0.5400009155273438,17.149999618530273,-0.010000000000000009,0.0,92.61000000000001,-0.003209999999999713,0.0,-0.0033331472331366526
2021-08-25,-16.0,6.7001953125,1.9000015258789062,-0.06999969482421875,17.219999313354492,0.040000000000000036,0.0,-91.19000000000001,-0.005370000000000097,0.0,0.003891453766866314
2021-08-26,18.7001953125,9.9599609375,0.8199996948242188,-0.05999755859376421,16.790000915527344,0.06000000000000005,0.0,-12.58999999999999,0.005669999999999842,0.0,-0.009064018114715085
2021-08-27,17.0,-26.18994140625,-0.94000244140625,0.22999572753909092,18.84000015258789,-0.010000000000000009,0.0,-19.28000000000001,-0.004890000000000061,0.0,-0.0027627508597200144
2021-08-30,-16.400390625,39.3701171875,1.3199996948242188,-0.3699951171875284,16.389999389648438,-0.030000000000000027,-0.009999999999999995,14.619999999999997,0.0025700000000004053,0.0,0.016992591212599488
2021-08-31,-38.2998046875,19.419921875,0.470001220703125,-0.04000091552732954,16.190000534057617,-0.020000000000000018,0.0,8.230000000000004,-0.0012500000000001954,0.0,0.0008778991318254292
2021-09-01,-49.0,-6.10986328125,-0.7099990844726562,-0.02000427246095171,16.479999542236328,0.010000000000000009,-0.020000000000000004,89.02000000000001,0.0014599999999997948,0.0,-0.009699381303275698
2021-09-02,-115.5,1.40966796875,0.089996337890625,-0.18000030517575283,16.110000610351562,0.010000000000000009,0.020000000000000004,-78.03000000000002,0.008199999999999985,0.0,-0.0020879179788232537
2021-09-03,22.7001953125,12.8603515625,1.4000015258789062,-0.21999359130860796,16.40999984741211,-0.020000000000000018,0.0,-15.989999999999995,-0.012749999999999595,0.0,0.007978952040079533
2021-09-06,-23.7001953125,-1.52001953125,-0.6999969482421875,-0.19000244140625,16.40999984741211,0.040000000000000036,0.0,15.569999999999993,0.003730000000000011,0.0,2.7892999107202618e-06
2021-09-07,10.5,0.0,0.0,0.0,16.40999984741211,0.0,0.0,134.01000000000002,0.009389999999999787,0.0,-0.0023756338626684656
2021-09-08,-24.599609375,-15.400390625,-0.94000244140625,0.4799957275390625,18.13999938964844,0.04999999999999982,0.0,-56.47,-0.007929999999999993,0.0,-0.014232715877255216
2021-09-09,47.7998046875,-5.9599609375,0.9500045776367188,0.1300048828125,17.959999084472656,-0.029999999999999805,0.0,-47.20000000000002,0.008160000000000167,0.0,0.006978428176155169
2021-09-10,47.2001953125,-20.7900390625,-1.160003662109375,-0.1699981689453125,18.799999237060547,-0.050000000000000044,0.0,-61.769999999999996,-0.014250000000000096,0.0,0.00438274258448038
2021-09-13,-67.6005859375,-34.69970703125,1.5800018310546875,0.09999847412107954,20.950000762939453,0.050000000000000044,0.0,15.329999999999998,0.008150000000000102,0.0,-0.0011024877788225404
2021-09-14,-62.7998046875,10.14990234375,0.7299957275390625,0.04000091552737217,19.3700008392334,-0.020000000000000018,0.0,136.8,0.003589999999999982,0.0,0.006701693641364551
2021-09-15,95.599609375,-25.68017578125,0.01000213623046875,0.02999877929686079,19.459999084472656,-0.050000000000000044,0.0,-73.26000000000002,-0.0041999999999999815,0.0,-0.0030828868559483824
2021-09-16,-41.8994140625,37.650390625,2.1500015258789062,-0.1600036621093892,18.18000030517578,0.030000000000000027,0.0,-28.829999999999984,-0.0007900000000002905,0.0,-4.698942059629523e-05
2021-09-17,14.7998046875,-6.9501953125,0.0,0.37000274658204546,18.690000534057617,0.030000000000000027,0.0,-62.17000000000001,-0.005300000000000082,0.0,0.0038068887589629507
2021-09-20,19.400390625,-40.759765625,-0.6399993896484375,0.3399963378906392,20.809999465942383,0.030000000000000027,0.0,38.690000000000005,0.005070000000000352,0.0,-0.00932573493585571
2021-09-21,-62.900390625,-75.26025390625,-1.6800003051757812,0.04000091552731533,25.709999084472656,-0.06000000000000005,0.0,75.86,0.018859999999999655,0.0,-0.0025637343629126264
2021-09-22,99.5,-3.5400390625,0.26999664306640625,-0.04000091552731533,24.36000061035156,0.020000000000000018,0.0,36.77000000000001,-0.011439999999999895,0.0,0.007808111819683543
2021-09-23,-83.0,41.4501953125,1.6700057983398438,0.26000213623045454,20.8700008392334,-0.010000000000000009,0.0,-97.44000000000001,0.0010200000000000209,0.0,0.005623529940495859
2021-09-24,41.7001953125,53.33984375,1.0699996948242188,-0.3600006103515625,18.6299991607666,0.08999999999999986,0.0,-19.540000000000006,-0.00387000000000004,0.0,0.00034230279030454875
2021-09-27,7.2998046875,6.5,0.6800003051757812,0.23000335693357954,17.75,0.06000000000000005,0.0,7.760000000000005,0.003910000000000302,0.0,-0.003638914927805263
2021-09-28,-35.5,-12.3701171875,1.4699935913085938,0.04999542236328125,18.76000022888184,0.010000000000000009,0.0,156.64999999999998,-0.00016000000000016001,0.0,-0.0015337698688188408
2021-09-29,-8.5,-90.47998046875,-0.15999603271484375,0.3899993896484517,23.25,0.06000000000000005,0.0,-117.21,-0.003690000000000193,0.0,0.008055391879550493
2021-09-30,76.099609375,6.830078125,-0.45999908447265625,0.5699996948242188,22.559999465942383,0.010000000000000009,0.0,-21.67,0.0049600000000000755,0.0,0.019983588193474202
2021-10-01,66.400390625,-51.919921875,0.1999969482421875,-0.089996337890625,23.13999938964844,-0.030000000000000027,-0.020000000000000004,37.900000000000006,-0.0034999999999998366,0.0,-0.009283965683450347
2021-10-04,-56.400390625,49.5,0.8499984741210938,-0.20999908447265625,21.100000381469727,-0.040000000000000036,0.020000000000000004,-53.7,-0.005149999999999988,0.0,0.01811138673443765
2021-10-05,-27.599609375,-56.580078125,1.7400054931640625,-0.23000335693357954,22.959999084472656,0.010000000000000009,0.0,59.2,-0.0011399999999999189,0.0,-0.008651523195854714
2021-10-06,-0.5,45.26025390625,1.30999755859375,0.17000579833982954,21.299999237060547,0.050000000000000044,0.0,-50.89,0.0019700000000000273,0.0,0.020350269904977444
2021-10-07,-54.5,17.82958984375,-1.5,0.2899932861328125,21.0,-0.010000000000000009,0.0,48.39,0.020849999999999813,0.0,-0.0001445015397559578
2021-10-08,-13.599609375,36.2099609375,0.8700027465820312,-0.04999542236328125,19.540000915527344,0.050000000000000044,0.0,-44.599999999999994,-0.017959999999999976,0.0,0.010136884815447503
2021-10-11,-61.6005859375,-8.419921875,1.0499954223632812,-0.15000152587890625,18.770000457763672,0.030000000000000027,0.0,-4.240000000000009,0.0015000000000000568,0.0,-0.0034110953632939824
2021-10-12,45.2001953125,-30.14990234375,1.1699981689453125,0.25,20.0,0.0,0.0,-11.120000000000005,-0.0017599999999999838,0.0,0.004104808275460386
2021-10-13,-22.0,-10.5400390625,0.12000274658203125,0.1999969482421875,19.850000381469727,-0.020000000000000018,0.0,4.950000000000003,-0.004590000000000316,0.0,0.00777644312962656
2021-10-14,27.2001953125,13.14990234375,-0.1999969482421875,-0.43999481201173296,18.63999938964844,-0.030000000000000027,0.0,20.60000000000001,0.004540000000000433,0.0,0.013554844291736725
2021-10-15,-1.5,74.4599609375,0.8699951171875,-0.12000274658201704,16.860000610351562,-0.040000000000000036,0.0,-16.78,-0.0021100000000000563,0.0,0.0010896561929864602
2021-10-18,-141.2001953125,33.1103515625,0.970001220703125,-0.01999664306642046,16.299999237060547,0.07000000000000006,0.0,-29.150000000000006,0.0012299999999996203,0.0,0.003826362337237698
2021-10-19,-11.5,15.08984375,0.160003662109375,0.009994506835965922,16.309999465942383,0.0,0.0,94.58000000000001,-0.002889999999999837,0.0,-0.00041608234762008324
2021-10-21,90.2001953125,33.169921875,0.5199966430664062,-0.15999603271485796,15.699999809265137,0.05999999999999983,0.0,-85.82000000000001,0.0030399999999999316,0.0,-0.0034654155404569703
2021-10-22,-37.400390625,30.14990234375,-0.45999908447265625,-0.0200042724609375,15.010000228881836,0.030000000000000027,0.0,-4.219999999999999,-0.011009999999999742,0.0,0.001621731195627724
2021-10-25,55.2001953125,-4.8798828125,1.2600021362304688,-0.15999603271484375,15.43000030517578,-0.020000000000000018,0.0,32.0,0.011029999999999873,0.0,-0.0027191854552096936
2021-10-26,-59.0,21.580078125,0.0,0.1999969482422017,15.239999771118164,-0.020000000000000018,0.0,0.8900000000000006,-0.004710000000000214,0.0,0.004703930331195336
2021-10-27,77.5,8.31005859375,0.8899993896484375,0.1399993896484375,15.979999542236328,-0.010000000000000009,0.0,-3.1700000000000017,0.0010900000000000354,0.0,-0.008255182974860907
2021-10-28,-17.7998046875,-23.10986328125,-1.9899978637695312,-0.08999633789063921,16.979999542236328,-0.08999999999999986,0.0,-35.720000000000006,0.006130000000000191,0.0,-0.011904927306356092
2021-10-29,41.3994140625,44.73974609375,0.149993896484375,-0.5100021362304688,16.530000686645508,0.030000000000000027,0.0,26.759999999999998,-0.0030800000000001937,0.0,0.01025824522883919
2021-11-01,11.900390625,8.9599609375,0.7600021362304688,0.7700042724609517,16.260000228881836,-0.020000000000000018,-0.009999999999999995,-13.14,0.005370000000000097,0.0,-0.005851560011593001
2021-11-02,-0.5,8.2900390625,0.48000335693359375,-0.24000549316409092,16.40999984741211,0.030000000000000027,0.009999999999999995,58.81999999999999,-0.003470000000000084,0.0,-0.009139034654365968
2021-11-03,48.099609375,16.97998046875,-0.1399993896484375,0.20999908447267046,16.030000686645508,-0.020000000000000018,0.0,-25.419999999999987,0.0022600000000001508,0.0,0.009023158844936112
2021-11-04,13.30078125,29.919921875,-3.0500030517578125,-0.2299957275390625,15.100000381469728,0.040000000000000036,0.0,77.82,-0.003550000000000164,0.0,0.005223256275344282
2021-11-05,76.099609375,19.490234375,-2.0500030517578125,0.48999786376953125,15.4399995803833,-0.07000000000000006,0.0,-31.769999999999982,-0.004699999999999704,0.0,-0.000707417129824971
2021-11-08,48.0,17.4697265625,2.4599990844726562,-0.029998779296875,16.479999542236328,-0.08000000000000007,0.0,54.72999999999999,0.0022599999999997067,0.0,0.007645171970145857
2021-11-09,-94.2001953125,4.17041015625,0.660003662109375,-0.26999664306642046,17.219999313354492,0.06000000000000005,0.0,151.85,0.000360000000000138,0.0,0.005657405349905172
2021-11-10,-67.7998046875,-16.4501953125,2.220001220703125,-0.09000396728514204,17.780000686645508,-0.050000000000000044,0.0,-213.54,-0.00649999999999995,0.0,0.001980101854819933
2021-11-11,38.0,-38.5400390625,-2.8100051879882812,0.8899993896484375,18.729999542236328,0.10000000000000009,0.0,-110.84,0.009339999999999904,0.0,0.0012257335152398988
2021-11-12,12.400390625,2.56005859375,0.25,0.3300018310546875,17.65999984741211,0.0,0.0,26.659999999999997,-0.0027599999999998737,0.0,-0.0060390532718780435
2021-11-15,-40.7001953125,33.580078125,-0.7999954223632812,-0.05000305175782671,16.290000915527344,0.020000000000000018,0.0,137.08,0.0017200000000001658,0.0,-0.005280056207842609
2021-11-16,-75.0,-0.05029296875,0.089996337890625,0.28000640869142046,16.489999771118164,0.04999999999999982,0.0,-94.84,-0.0005700000000001815,0.0,0.005303034561463623
2021-11-17,-1.2998046875,18.10009765625,-0.1199951171875,0.5099945068359517,16.3700008392334,0.0,0.0,4.4199999999999875,-0.007639999999999869,0.0,0.003691329657232851
2021-11-18,88.7998046875,-12.22998046875,-2.4000015258789062,-0.08999633789065342,17.110000610351562,-0.029999999999999805,0.0,2.5600000000000023,0.0014499999999997293,0.0,-0.005909595471836291
2021-11-19,-50.400390625,15.8701171875,0.6500015258789062,-0.29000091552732954,17.59000015258789,-0.010000000000000009,0.0,26.920000000000016,-0.0001500000000000945,0.0,0.012547237152281567
2021-11-22,-19.099609375,-6.580078125,-2.910003662109375,0.529998779296875,17.90999984741211,-0.050000000000000044,0.0,-21.430000000000007,0.0041400000000000325,0.0,0.0004646129685459134
2021-11-23,60.3994140625,-15.02001953125,0.6500015258789062,0.43000030517578125,19.170000076293945,0.08999999999999986,0.0,-28.25,0.00034000000000000696,0.0,-0.006791961556285656
2021-11-24,-5.5,7.76025390625,1.75,-0.01000213623048296,19.3799991607666,0.040000000000000036,0.0,6.519999999999996,-0.0021599999999999397,0.0,0.0008084450897772755
2021-11-25,12.900390625,10.759765625,-0.1100006103515625,0.34999847412110796,18.57999992370605,-0.030000000000000027,0.0,32.480000000000004,0.00387000000000004,0.0,0.0024015237676938
2021-11-26,30.900390625,0.0,0.0,0.0,18.57999992370605,0.0,0.0,-72.78,-0.005189999999999806,0.0,-0.020782591586780783
2021-11-29,16.599609375,-106.83984375,-10.239997863769531,-0.75,28.6200008392334,-0.15999999999999992,0.0,-0.37000000000000455,0.0013899999999997803,0.0,0.007097580689017847
2021-11-30,88.2001953125,60.64990234375,1.7999954223632812,0.25,22.959999084472656,0.040000000000000036,0.0,45.83,0.0029200000000000337,0.0,-0.011316001613240558
2021-12-01,-31.2001953125,-88.27001953125,-3.7699966430664062,-0.34999847412110796,27.190000534057617,-0.09000000000000008,-0.009999999999999995,13.439999999999998,-0.00022999999999973042,0.0,-0.00402640606579855
2021-12-02,-44.0,-53.9599609375,-0.6100006103515625,0.06000518798828125,31.1200008392334,0.0,0.009999999999999995,-8.819999999999993,0.006619999999999848,0.0,0.01163257761208008
2021-12-03,43.0,64.06005859375,0.9300003051757812,0.07999420166015625,27.950000762939453,0.010000000000000009,0.0,-18.019999999999996,-0.009570000000000078,0.0,-0.006906419799977179
2021-12-06,67.7998046875,-38.669921875,-0.23999786376953125,-0.009994506835909078,30.670000076293945,-0.08999999999999986,0.0,129.17,0.0034000000000000696,0.0,0.0013160020607190914
2021-12-07,70.2001953125,53.23974609375,3.2299957275390625,0.1699981689452983,27.18000030517578,0.07999999999999985,0.0,-129.51999999999998,-0.0020299999999999763,0.0,0.00843411308886472
2021-12-08,-24.0,95.080078125,2.5600051879882812,0.08000183105470171,21.88999938964844,0.050000000000000044,0.0,31.730000000000004,-0.000640000000000196,0.0,0.00018612294172798625
2021-12-09,-96.7001953125,14.4599609375,0.30999755859375,-0.48000335693360796,19.899999618530277,0.040000000000000036,0.0,-27.549999999999997,0.005160000000000053,0.0,0.006059060712696025
2021-12-10,-58.2998046875,-33.759765625,-1.4199981689453125,0.37999725341796875,21.57999992370605,-0.030000000000000027,0.0,-34.760000000000005,-0.007379999999999942,0.0,0.0013521615655555342
2021-12-13,-37.599609375,44.56982421875,0.7299957275390625,-0.21999359130860796,18.690000534057617,-0.010000000000000009,0.0,19.460000000000008,0.007280000000000175,0.0,0.0014943489471183314
2021-12-14,54.5,-43.0498046875,-0.37999725341796875,0.26999664306642046,20.309999465942383,-0.06000000000000005,0.0,135.54,-0.007580000000000364,0.0,-0.007114366293883002
2021-12-15,-27.2001953125,-34.88037109375,-0.55999755859375,0.25,21.88999938964844,0.020000000000000018,0.0,-138.31,0.003249999999999975,0.0,0.0016039444430676283
2021-12-16,17.7998046875,75.76025390625,0.1399993896484375,-0.05999755859373579,19.290000915527344,0.030000000000000027,0.0,27.64,0.006780000000000008,0.0,-0.004758931036992465
2021-12-17,-45.0,-41.18017578125,1.5099945068359375,-0.4700012207031392,20.56999969482422,-0.030000000000000027,0.0,48.35000000000001,-0.01004999999999967,0.0,0.001081219067045731
2021-12-20,82.5,-48.02978515625,-1.5199966430664062,0.529998779296875,21.56999969482422,-0.030000000000000027,0.0,-21.22,0.0018099999999998673,0.0,-0.00833834465174582
2021-12-21,5.7001953125,-52.6201171875,-2.6299972534179688,-0.01999664306642046,22.8700008392334,0.020000000000000018,0.0,-12.210000000000008,-0.0009999999999998899,0.0,0.0010987001188349306
2021-12-22,3.0,81.2099609375,2.8899993896484375,-0.06000518798828125,21.01000022888184,0.050000000000000044,0.0,45.44999999999999,2.9999999999752447e-05,0.0,-0.003778129531597209
2021-12-23,-124.7998046875,47.330078125,1.6399993896484375,-0.40999603271484375,18.6299991607666,-0.020000000000000018,0.0,-33.379999999999995,0.0040599999999999525,0.0,0.00396755935547216
2021-12-24,-70.1005859375,29.22998046875,1.029998779296875,-0.06000518798826704,17.959999084472656,0.040000000000000036,0.0,40.75,-0.0020299999999999763,0.0,0.0011204252757916055
2021-12-27,-26.0,0.0,0.0,0.0,17.959999084472656,0.0,0.0,-72.63999999999999,0.00039999999999995595,0.0,0.0019095175712749012
2021-12-28,21.5,65.39990234375,1.779998779296875,0.06999969482421875,17.68000030517578,-0.020000000000000018,0.0,80.50999999999999,0.0013700000000000934,0.0,0.003476441436653689
2021-12-29,30.7001953125,-4.83984375,0.410003662109375,0.11000061035157671,17.540000915527344,0.010000000000000009,0.0,-65.57,-0.006380000000000052,0.0,0.00035366026905276607
2021-12-30,18.2001953125,6.7099609375,0.5799942016601562,-0.26999664306642046,16.950000762939453,0.06000000000000005,0.0,-29.659999999999997,0.000520000000000298,0.0,-0.002912244987230625
2022-01-03,-1.2001953125,-14.330078125,0.43000030517578125,0.04000091552734375,17.329999923706055,-0.030000000000000027,0.0,47.47999999999999,0.0044999999999997264,0.0,0.012656242088497586
2022-01-04,-22.0,17.830078125,-0.9099960327148438,0.26999664306639204,16.600000381469727,0.10999999999999988,0.0,14.939999999999998,-0.008449999999999847,0.0,0.0045005178717591405
2022-01-05,68.599609375,-3.02001953125,0.9099960327148438,0.05000305175782671,16.90999984741211,0.030000000000000027,0.0,45.48000000000002,-0.003350000000000186,0.0,-0.004952103427948555
2022-01-06,101.900390625,-92.9599609375,0.8600006103515625,-0.09999847412110796,19.729999542236328,0.050000000000000044,0.0,-81.00000000000001,0.0020700000000002383,0.0,-0.0013439457057899985
2022-01-07,61.0,-4.5302734375,1.6100006103515625,0.05999755859376421,19.61000061035156,0.020000000000000018,0.0,124.02,0.0045199999999998575,0.0,0.0071832641014328525
2022-01-10,-38.5,-19.02001953125,-0.55999755859375,-0.510002136230483,18.76000022888184,0.030000000000000027,0.0,-177.69,0.0029799999999999827,0.0,-0.001522037290200097
2022-01-11,-89.5,-6.73974609375,-0.6699981689453125,0.25,19.399999618530277,0.020000000000000018,0.0,62.84,-0.003369999999999873,0.0,-0.006470298263848314
2022-01-12,-5.5,42.77978515625,2.9899978637695312,-0.3699951171874716,18.40999984741211,-0.030000000000000027,0.0,-42.7,0.0023399999999997867,0.0,-0.00013618218052982616
2022-01-13,-36.0,13.2802734375,1.4199981689453125,-0.6200027465820455,17.6200008392334,-0.010000000000000009,0.0,14.420000000000002,0.0025800000000000267,0.0,0.0016972057361443061
2022-01-14,21.900390625,-67.3203125,-0.5199966430664062,-0.20999908447265625,20.309999465942383,-0.040000000000000036,0.0,-34.69,-0.006749999999999812,0.0,0.005249496794161298
2022-01-17,-22.900390625,3.8203125,1.6999969482421875,0.37999725341798296,19.190000534057617,0.08000000000000007,0.0,16.349999999999994,0.005269999999999886,0.0,-0.007250204297203206
2022-01-18,38.5,0.0,0.0,0.0,19.190000534057617,0.0,0.0,101.31,-0.0011999999999998678,0.0,-0.004674345883255903
2022-01-19,35.2001953125,-85.740234375,1.6100006103515625,0.560005187988267,22.790000915527344,0.09000000000000008,0.0,-97.94,0.0015199999999997438,0.0,-0.003343643590971411
2022-01-20,32.599609375,-44.35009765625,1.529998779296875,-0.2200012207031108,23.850000381469727,-0.040000000000000036,0.0,-5.75,0.0014100000000003554,0.0,0.005278857438810641
2022-01-21,-19.5,-50.02978515625,-0.05999755859375,0.22999572753903408,25.59000015258789,0.0,0.0,1.6800000000000068,-0.0016600000000002169,0.0,0.014903313945030723
2022-01-24,-19.7998046875,-84.7900390625,-1.7600021362304688,-0.09999847412107954,28.850000381469727,-0.08000000000000007,0.0,53.11,-0.0004900000000001015,0.0,-0.010642677651790909
2022-01-25,-13.2998046875,12.18994140625,-1.8300018310546875,0.2799987792968892,29.899999618530277,0.0,0.0,147.44,0.00010000000000021103,0.0,-0.013157708501972818
2022-01-26,35.2998046875,-53.6796875,2.2900009155273438,0.029998779296875,31.15999984741211,0.030000000000000027,0.0,-82.60000000000002,-0.0006499999999998174,0.0,0.004958020130103497
2022-01-27,-34.5,-6.52001953125,1.75,0.5400009155273153,31.959999084472656,0.07000000000000006,0.0,-44.099999999999994,0.00238999999999967,0.0,0.001565592331205395
2022-01-28,35.900390625,-23.42041015625,-0.7399978637695312,0.7700042724609659,30.489999771118164,-0.040000000000000036,0.0,18.109999999999985,-0.0009299999999998754,0.0,0.005182322319167971
2022-01-31,22.7998046875,105.34033203125,0.20999908447265625,0.00999450683592329,27.65999984741211,-0.030000000000000027,0.0,-35.54999999999998,-0.00030999999999981043,0.0,-0.0021632481182854648
2022-02-02,-7.6005859375,83.69970703125,1.3300018310546875,-0.7299957275390625,24.82999992370605,0.010000000000000009,0.0,55.47,0.0002899999999996794,0.0,0.011470567018414571
2022-02-03,-59.2998046875,73.830078125,0.1100006103515625,-0.599998474121108,22.09000015258789,-0.010000000000000009,0.0,-83.8,-0.002189999999999692,0.0,-0.003554613165638802
2022-02-04,41.5,-111.93994140625,2.0099945068359375,-0.5600051879882812,24.350000381469727,0.040000000000000036,0.0,-7.450000000000003,-0.0003900000000003345,0.0,0.007087496059014366
2022-02-07,13.2001953125,23.08984375,2.040000915527358,0.10000610351563921,23.21999931335449,0.10999999999999988,0.0,78.00999999999999,5.000000000032756e-05,0.0,0.010866554276880144
2022-02-08,23.400390625,-16.65966796875,-0.9899978637695455,-0.0800018310546875,22.86000061035156,-0.010000000000000009,0.0,-74.3,0.004829999999999668,0.0,-0.002267842462430621
2022-02-09,5.19921875,37.669921875,-1.9599990844726562,0.23999786376953125,21.440000534057617,0.040000000000000036,0.0,18.549999999999997,-0.0032399999999999096,0.0,0.006618280328874929
2022-02-10,-26.099609375,65.64013671875,0.3000030517578125,-0.15000152587892046,19.959999084472656,-0.020000000000000018,0.0,-32.33999999999999,0.005600000000000271,0.0,-0.001605457669946283
2022-02-11,-45.2998046875,-83.10009765625,0.21999359130859375,0.06000518798828125,23.90999984741211,0.08999999999999986,0.0,0.8999999999999915,-0.0012100000000003774,0.0,-0.00117824040982903
2022-02-14,-6.2001953125,-85.43994140625,3.220001220703125,0.529998779296875,27.36000061035156,-0.10999999999999988,0.0,-16.69999999999999,-0.0028199999999998226,0.0,-0.011973654245398703
2022-02-15,16.7001953125,-16.97021484375,2.3600006103515625,0.29000091552737217,28.32999992370605,0.06000000000000005,0.0,134.13,-0.007870000000000044,0.0,0.010783049778615165
2022-02-16,-41.7001953125,69.39990234375,-3.3899993896484375,-0.3800048828125284,25.700000762939453,0.06999999999999984,0.0,-92.35000000000001,0.004890000000000061,0.0,0.006253077116743527
2022-02-17,-42.400390625,3.93994140625,1.5900039672851562,-0.29000091552731533,24.290000915527344,-0.020000000000000018,0.0,-35.55,-0.0014699999999998603,0.0,-0.002203977083273944
2022-02-18,13.80078125,-94.75,-1.900001525878892,0.10000610351559658,28.11000061035156,-0.05999999999999983,0.0,33.19,-0.0012300000000000644,0.0,0.008406366018128246
2022-02-21,73.599609375,-31.3896484375,-0.6900024414062642,0.23999786376954546,27.75,-0.050000000000000044,0.0,73.15,0.003929999999999989,0.0,0.0014710255584264606
2022-02-22,17.900390625,0.0,0.0,0.0,27.75,0.0,0.0,-66.05,0.002529999999999699,0.0,-0.005952916265433165
2022-02-23,-10.900390625,-44.1103515625,1.279998779296875,-0.01000213623046875,28.809999465942383,0.020000000000000018,0.0,66.07000000000001,-0.0039399999999996105,0.0,0.008425793548655044
2022-02-24,40.0,-79.259765625,-0.25,0.1600036621093608,31.020000457763672,0.050000000000000044,0.0,-90.63000000000001,0.0007599999999996498,0.0,-0.01488413721662841
2022-02-25,-30.0,63.2001953125,0.7099990844726705,0.9499969482422017,30.31999969482422,-0.030000000000000027,0.0,67.04,-0.0014300000000000423,0.0,0.010265830976197718
2022-03-01,87.5,95.94970703125,-1.2200012207031392,-0.519996643066392,27.59000015258789,0.010000000000000009,0.0,4.909999999999997,0.009070000000000356,0.0,0.004818395236958429
2022-03-02,-92.5,-78.39013671875,11.82000732421875,0.7900009155273295,33.31999969482422,-0.25,0.0,26.460000000000008,-0.006699999999999928,0.0,-0.007692520490547922
2022-03-04,65.0,80.2802734375,7.189994812011719,-0.0200042724609375,30.739999771118164,0.14000000000000012,0.0,-53.170000000000016,0.0016499999999997073,0.0,0.008687079688984791
2022-03-07,-66.599609375,-57.669921875,5.0800018310546875,1.2600021362304688,31.979999542236328,-0.1200000000000001,0.0,84.21000000000001,0.004329999999999945,0.0,-0.008590400663203813
2022-03-08,23.2998046875,-127.7802734375,3.720001220703125,0.6399993896484375,36.45000076293945,0.040000000000000036,0.0,-54.390000000000015,-0.00387000000000004,0.0,-0.008021940801015327
2022-03-09,24.7001953125,-30.3896484375,4.2999954223632955,-0.23000335693357954,35.130001068115234,0.08000000000000007,0.0,0.36000000000001364,-0.002749999999999808,0.0,0.007348405595463769
2022-03-10,-43.7001953125,107.1796875,-15.0,-1.0899963378906392,32.45000076293945,0.07999999999999985,0.0,-22.47,0.0016300000000000203,0.0,0.008640169211698762
2022-03-11,-111.7001953125,-18.35986328125,-2.6800003051757955,0.540000915527358,30.229999542236328,0.040000000000000036,0.0,7.939999999999998,-0.0018199999999999328,0.0,-0.00020304778389223198
2022-03-14,24.0,-55.2099609375,3.310005187988267,0.6100006103515625,30.75,0.020000000000000018,0.0,82.43,0.00270999999999999,0.0,0.004267028363672942
2022-03-15,50.5,-31.2001953125,-6.31999969482419,-0.06000518798828125,31.770000457763672,0.14000000000000012,0.0,-10.420000000000016,-0.003960000000000186,0.0,-0.004905285755039832
2022-03-16,22.0,89.34033203125,-6.569999694824247,0.01000213623045454,29.82999992370605,0.009999999999999787,0.0,-68.20999999999998,0.00140000000000029,0.0,0.010669672225935317
2022-03-17,-42.2001953125,95.40966796875,-1.400001525878892,-0.6900024414062642,26.670000076293945,0.040000000000000036,0.0,62.329999999999984,-0.0025600000000003398,0.0,-0.004013861641971251
2022-03-18,-41.7998046875,53.81005859375,7.94000244140625,-0.3699951171874716,25.670000076293945,0.010000000000000231,0.25,-78.84,0.0025900000000000922,0.0,-0.0013535004978587112
2022-03-21,62.5,51.4501953125,1.719993591308608,0.2200012207031108,23.8700008392334,-0.06000000000000005,0.0,33.45000000000002,-0.0010799999999999699,0.0,3.1100837306584775e-05
2022-03-22,16.2998046875,-1.93994140625,7.420005798339844,0.26999664306640625,23.530000686645508,0.17999999999999972,0.0,68.56,-0.0002900000000001235,0.0,0.006540667544986972
2022-03-23,2.7001953125,50.4296875,-0.3600006103515625,-0.01000213623048296,22.940000534057617,0.06000000000000005,0.0,-102.30000000000001,-0.00246999999999975,0.0,-0.0006725104417052992
2022-03-24,0.5,-55.36962890625,3.1699981689452983,0.13000488281252842,23.56999969482422,-0.06000000000000005,0.0,-20.97,0.0010300000000000864,0.0,0.007627914799895848
2022-03-25,43.5,63.919921875,-2.5900039672851562,0.1699981689452983,21.670000076293945,0.020000000000000018,0.0,11.669999999999987,-0.002360000000000362,0.0,-0.00671111299388189
2022-03-28,-51.900390625,22.89990234375,1.5600051879882812,0.01999664306642046,20.809999465942383,0.14000000000000012,0.0,80.78,0.004070000000000018,0.0,0.006699476768066608
2022-03-29,-3.099609375,32.4599609375,-7.94000244140625,0.2799987792968608,19.6299991607666,-0.020000000000000018,0.0,113.09000000000003,0.001100000000000101,0.0,-0.005392698537689942
2022-03-30,39.0,56.080078125,-1.7200012207031392,-0.6899948120117188,18.899999618530277,-0.04999999999999982,0.0,-128.17000000000002,-4.999999999988347e-05,0.0,0.005901379924106492
2022-03-31,-39.0,-29.14990234375,3.5800018310547017,-0.6100006103515625,19.32999992370605,-0.06000000000000005,0.0,-88.74000000000001,0.0006300000000001305,0.0,0.0025844161456453603
2022-04-01,-6.5,-72.0400390625,-7.540000915527344,0.5199966430664205,20.559999465942383,-0.03000000000000025,0.0,-23.340000000000003,0.003169999999999895,0.0,0.001034313421376311
2022-04-04,23.5,15.44970703125,-1.0100021362304688,0.31999969482419033,19.6299991607666,0.07000000000000028,0.0,32.44000000000001,-0.0021300000000001873,0.0,0.005277654671102039
2022-04-05,10.0,36.7802734375,4.010002136230469,0.3600006103515625,18.56999969482422,0.029999999999999805,0.0,1.3799999999999955,-0.002269999999999772,0.0,0.004498029575477992
2022-04-06,-38.7001953125,-57.52001953125,-1.3199996948242188,0.48000335693360796,21.030000686645508,0.1200000000000001,0.0,11.219999999999999,-0.0012900000000000134,0.0,-0.006186016920679573
2022-04-07,43.2001953125,-43.97021484375,-5.7299957275390625,0.12999725341796875,22.100000381469727,0.06999999999999984,0.0,41.32000000000001,0.0038599999999999746,0.0,0.003253522478421604
2022-04-08,16.5,19.06005859375,-0.20000457763671875,0.15000152587890625,21.549999237060547,0.050000000000000266,0.0,2.829999999999984,-0.0020899999999999253,0.0,0.01164284272875521
2022-04-11,3.0,-11.93017578125,2.230003356933608,0.05000305175779829,21.15999984741211,0.06000000000000005,0.0,-46.3,0.0016300000000000203,0.0,-0.0009769264586387033
2022-04-12,-30.0,-75.75,-3.970001220703139,0.12999725341798296,24.3700008392334,0.06999999999999984,0.0,116.51,0.0008399999999997299,0.0,0.0015239812194913081
2022-04-13,5.7001953125,-15.07958984375,6.30999755859375,0.3600006103515625,24.26000022888184,-0.06999999999999984,0.0,-138.13,-0.0031200000000000117,0.0,0.006630437378384826
2022-04-14,3.5,49.1396484375,3.6500015258789062,-0.4100036621093892,21.81999969482422,-0.020000000000000018,0.0,-12.689999999999998,0.003630000000000244,0.0,-0.003758322549376621
2022-04-18,-4.0,-54.0,2.6999969482422017,0.4400024414062642,22.700000762939453,0.1299999999999999,0.0,51.859999999999985,0.00462999999999969,0.0,0.005479625808173528
2022-04-19,-23.2001953125,-0.89990234375,1.2600021362304545,0.45999908447265625,22.170000076293945,0.020000000000000018,0.0,-49.25999999999999,-0.006679999999999797,0.0,-0.010509201503195238
2022-04-20,16.7998046875,70.52001953125,-5.650001525878892,0.18000030517578125,21.3700008392334,0.08000000000000007,0.0,183.04999999999998,-0.002200000000000202,0.0,0.003899731142315053
2022-04-21,11.1005859375,-2.759765625,0.1900024414062358,-0.5699996948242188,20.31999969482422,-0.08000000000000007,0.0,-181.01,0.000920000000000254,0.0,0.006733692567118218
2022-04-22,-13.900390625,-65.7900390625,1.0400009155273438,0.1900024414062358,22.68000030517578,0.04999999999999982,0.0,-6.019999999999996,0.0011399999999999189,0.0,-0.006976668184467245
2022-04-25,31.0,-121.88037109375,-1.720001220703125,0.6399993896484517,28.209999084472656,0.0,0.0,59.510000000000005,-0.0013299999999998313,0.0,-0.0013332268690766228
2022-04-26,-32.0,24.34033203125,-3.529998779296875,0.529998779296875,27.020000457763672,-0.08999999999999986,0.0,-21.659999999999997,0.011159999999999837,0.0,0.0022388825164011993
2022-04-27,128.0,-120.919921875,3.159996032714858,0.5500030517577983,33.52000045776367,-0.040000000000000036,0.0,3.1599999999999966,0.0015700000000000713,0.0,-0.00490525281320261
2022-04-28,-12.0,8.759765625,0.31999969482420454,0.6499938964844034,31.600000381469727,0.04999999999999982,0.0,-60.67,0.01634000000000002,0.0,0.00445732326429397
2022-05-09,-18.5,103.5400390625,3.3400039672851562,0.6700057983398438,29.989999771118164,0.03000000000000025,0.0,10.819999999999993,0.6801200000000001,0.0,-0.04515522705926305
2022-05-10,42.5,-296.260009765625,-2.2700042724609375,0.02999877929686079,34.75,0.19999999999999973,0.49999999999999994,17.60000000000001,-0.7118000000000002,0.0,-0.01310434090444173
2022-05-11,62.2001953125,9.81005859375,-3.329994201660142,0.26999664306642046,32.9900016784668,-0.05999999999999961,0.0,37.94,0.003029999999999866,0.0,-0.000526667815633243
2022-05-12,-31.400390625,-65.8701171875,5.949996948242173,-0.06999969482423296,32.560001373291016,-0.08000000000000007,0.0,-33.730000000000004,-0.0013299999999998313,0.0,-0.03225720764655076
2022-05-13,22.6005859375,-5.099853515625,0.4199981689452983,1.0,31.770000457763672,-0.07000000000000028,0.0,42.709999999999994,0.0022600000000001508,0.0,-0.0002798458956798147
2022-05-17,88.69921875,93.809814453125,4.3600006103515625,-0.29000091552732954,28.8700008392334,0.0900000000000003,0.0,-4.72999999999999,0.007050000000000001,0.0,0.0070189109490967185
2022-05-18,12.900390625,64.960205078125,1.9100036621093892,-1.1999969482422017,26.100000381469727,0.04999999999999982,0.0,-38.769999999999996,-0.01045000000000007,0.0,0.022169174949824143
2022-05-19,-14.400390625,-165.170166015625,-2.8100051879882812,0.4499969482422017,30.959999084472656,-0.08999999999999986,0.0,-3.4000000000000057,0.0018699999999998163,0.0,0.004394726897401766
2022-05-20,109.400390625,-22.889892578125,2.6200027465820312,-1.0899963378906392,29.350000381469727,-0.050000000000000266,0.0,59.760000000000005,-0.0008300000000001084,0.0,0.01379918223378124
2022-05-23,-113.2001953125,0.570068359375,1.0200042724609375,0.43000030517578125,29.43000030517578,-0.06000000000000005,0.0,27.53,0.0043800000000002726,0.0,-0.011246516739902223
2022-05-24,18.2001953125,72.389892578125,-2.94000244140625,-1.069999694824233,28.479999542236328,0.08000000000000007,0.0,-49.349999999999994,-0.0030000000000001137,0.0,0.010667736046180711
2022-05-25,-25.7998046875,-32.27001953125,-0.5200042724609375,-0.2200012207031108,29.450000762939453,-0.10000000000000009,0.0,0.01999999999998181,-0.0007199999999998319,0.0,-0.004440940079264783
2022-05-27,16.599609375,37.25,0.560005187988267,0.1999969482422017,28.3700008392334,-0.009999999999999787,0.0,-34.89999999999999,0.0037599999999997635,0.0,0.020526158259241412
2022-05-30,-51.599609375,179.51025390625,4.7399978637695455,-0.3899993896484375,25.71999931335449,-0.009999999999999787,0.0,44.13000000000001,-0.0018099999999998673,0.0,0.0016082520716099583
2022-05-31,-14.2001953125,0.0,0.0,0.0,25.71999931335449,0.0,0.0,-62.030000000000015,-0.0006800000000000139,0.0,0.0157060991054543
2022-06-02,-31.599609375,-26.09033203125,-0.40000152587889204,0.08000183105467329,26.190000534057617,0.10999999999999988,0.0,-10.08999999999999,0.004490000000000105,0.0,-3.456086325452087e-05
2022-06-03,-6.900390625,44.669921875,2.2000045776367188,0.01999664306640625,24.71999931335449,0.06999999999999984,0.0,71.22999999999999,-0.008360000000000145,0.0,0.004777925316533209
2022-06-06,-104.7001953125,-68.27978515625,2.0,0.37000274658203125,24.790000915527344,0.040000000000000036,0.0,19.72,0.007330000000000059,0.0,-0.012098420804647972
2022-06-07,4.2001953125,12.89013671875,-0.37000274658204546,0.3000030517577983,25.06999969482422,0.08000000000000007,0.0,-36.58,-0.0035600000000002296,0.0,0.006245849159425286
2022-06-08,4.2001953125,39.25,0.910003662109375,-0.12000274658201704,24.020000457763672,-0.06000000000000005,0.0,40.38000000000001,-7.999999999963592e-05,0.0,0.007292865351875999
2022-06-09,23.599609375,-44.91015625,2.6999969482421875,0.220001220703125,23.959999084472656,0.04999999999999982,0.0,-57.52000000000001,0.004469999999999974,0.0,-0.0014585118994228604
2022-06-10,36.5,-97.949951171875,-0.5999984741210795,0.6800003051757812,26.09000015258789,0.010000000000000231,0.0,1.980000000000004,-0.0042800000000000615,0.0,-0.013481023675825213
2022-06-13,116.5,-116.9599609375,-0.8400039672851562,0.9300003051757812,27.75,0.10999999999999988,0.0,-18.459999999999994,0.004430000000000156,0.0,-0.012953663986087703
2022-06-14,-65.7998046875,-151.230224609375,0.26000213623045454,0.930000305175767,34.02000045776367,0.28000000000000025,0.0,1.7199999999999989,2.9999999999752447e-05,0.0,0.007752076787975121
2022-06-15,249.0,-14.14990234375,-2.0,0.43999481201173296,32.689998626708984,0.06000000000000005,0.0,25.25,-0.0020699999999997942,0.0,-0.0060940986131375365
2022-06-16,-54.2001953125,54.510009765625,-3.620002746582017,-0.35999298095703125,29.6200008392334,-0.16000000000000014,0.0,20.19999999999999,-0.0020900000000003693,0.0,0.006157124057499866
2022-06-17,-59.7998046875,-123.219970703125,2.279998779296861,-1.5300064086914205,32.95000076293945,-0.050000000000000266,0.7500000000000001,48.72,0.000700000000000145,0.0,-0.016209263257436768
2022-06-20,95.099609375,8.070068359375,-8.02999877929686,1.0699996948242472,31.1299991607666,-0.029999999999999805,0.0,-81.24999999999999,0.00558000000000014,0.0,0.0056651028478188585
2022-06-21,39.900390625,0.0,0.0,0.0,31.1299991607666,0.0,0.0,57.12999999999998,-0.009700000000000042,0.0,0.00965652094315394
2022-06-22,11.7001953125,89.949951171875,1.090003967285142,-0.2599945068359659,30.190000534057617,0.06000000000000005,0.0,-25.309999999999974,0.003410000000000135,0.0,-0.00851988886712711
2022-06-23,4.0,-4.900146484375,-4.4599990844726705,-0.24000549316403408,28.950000762939453,-0.1499999999999999,0.0,-43.140000000000015,0.009919999999999707,0.0,0.0019962068793217594
2022-06-24,11.2998046875,35.840087890625,-1.9200057983398295,0.23000335693357954,29.049999237060547,-0.07000000000000028,0.0,-0.010000000000005116,0.0013499999999999623,0.0,0.006362712521466166
2022-06-27,-1.2001953125,116.010009765625,3.350006103515639,-0.23999786376954546,27.229999542236328,0.040000000000000036,0.0,14.900000000000006,0.0008300000000001084,0.0,-0.0038241530174144105
2022-06-28,-0.7998046875,-11.6298828125,1.9499969482421733,-0.25,26.950000762939453,0.07000000000000028,0.0,29.08,-0.010460000000000136,0.0,-0.0027973763663297815
2022-06-29,-50.0,-78.56005859375,2.190002441406264,0.5699996948242472,28.36000061035156,0.0,0.0,-10.97999999999999,0.0020900000000003693,0.0,-0.007763254301732865
2022-06-30,66.0,-2.719970703125,-1.980003356933608,0.5999984741210795,28.15999984741211,-0.10000000000000009,0.0,5.3700000000000045,-0.008560000000000123,0.0,-0.00444192899241047
2022-07-01,20.0,-33.4501953125,-4.019996643066392,-0.4199981689453267,28.709999084472656,-0.1200000000000001,0.0,23.039999999999992,0.014209999999999834,0.0,-0.01711039479444631
2022-07-04,44.900390625,39.9501953125,2.6699981689452983,0.4499969482422017,26.700000762939453,-0.10000000000000009,0.0,19.359999999999985,-0.009780000000000122,0.0,-0.02310092677303725
2022-07-05,9.099609375,0.0,0.0,0.0,26.700000762939453,0.0,0.0,132.1,-0.002849999999999575,0.0,0.009607649121588208
2022-07-06,77.0,6.059814453125,-8.930000305175781,1.3600006103515625,27.540000915527344,-0.06000000000000005,0.0,-193.23999999999998,-0.0025400000000002088,0.0,-0.008518004430199106
2022-07-07,29.0,13.690185546875,-0.970001220703125,0.5999984741210938,26.729999542236328,0.11000000000000032,0.0,-25.070000000000007,-0.0004900000000001015,0.0,0.0009289058752303666
2022-07-08,-27.0,57.5400390625,4.200004577636719,0.02999877929686079,26.07999992370605,0.07999999999999963,0.0,2.1500000000000057,-0.0002999999999997449,0.0,0.013086663673506516
2022-07-11,-45.400390625,-3.240234375,2.05999755859375,-0.11999511718747158,24.63999938964844,0.08000000000000007,0.0,10.659999999999997,0.009979999999999656,0.0,-0.0026851493933012505
2022-07-12,5.400390625,-44.949951171875,-0.7000045776367188,1.0099945068359233,26.170000076293945,-0.09999999999999964,0.0,95.97000000000001,-0.005939999999999834,0.0,-0.0005730578196460051
2022-07-13,19.099609375,-35.6298828125,-8.25,0.0500030517578125,27.290000915527344,-0.03000000000000025,0.0,-73.63000000000001,-3.0000000000196536e-05,0.0,-0.01157316106484968
2022-07-14,20.900390625,-17.02001953125,0.4600067138671733,-0.1100006103515625,26.81999969482422,-0.04999999999999982,0.0,-73.85,-0.0002999999999997449,0.0,0.0073657816420857345
2022-07-15,20.400390625,-11.400146484375,-0.5200042724609233,0.5800018310546875,26.399999618530277,0.04999999999999982,0.0,150.21,0.0016599999999997728,0.0,-0.005723618182886508
2022-07-18,6.69921875,72.780029296875,1.80999755859375,-0.48000335693357954,24.229999542236328,-0.029999999999999805,0.0,7.740000000000009,0.003270000000000106,0.0,0.0011040580293735466
2022-07-19,-51.099609375,-32.309814453125,5.010002136230469,-0.6899948120117188,25.299999237060547,0.029999999999999805,0.0,-27.830000000000013,0.0030200000000002447,0.0,0.011472599108402953
2022-07-20,-9.0,105.83984375,1.6200027465820312,-0.6900024414062642,24.5,0.04999999999999982,0.0,-5.759999999999991,0.007099999999999884,0.0,0.020374380250987714
2022-07-21,-16.2001953125,23.2099609375,-1.959999084472642,0.40000152587889204,23.8799991607666,0.03000000000000025,0.0,-63.85000000000001,-0.0027300000000001212,0.0,-0.0015448583020698221
2022-07-22,61.2001953125,39.050048828125,-5.910003662109389,-0.1699981689452983,23.11000061035156,-0.1299999999999999,0.0,19.429999999999993,0.0026600000000001067,0.0,0.0033206198289221925
2022-07-25,-17.7998046875,-37.320068359375,-1.650001525878892,-0.18000030517578125,23.030000686645508,-0.14000000000000012,0.0,6.060000000000002,-0.005510000000000126,0.0,-0.0041548143647389514
2022-07-26,6.7998046875,5.210205078125,2.0,-0.25,23.36000061035156,0.040000000000000036,0.0,-18.19999999999999,0.006510000000000016,0.0,0.0019125914124161181
2022-07-27,-33.0,-45.7900390625,-1.719993591308608,0.709999084472642,24.690000534057617,0.0,0.0,-25.939999999999998,-4.999999999988347e-05,0.0,0.003874977925379952
2022-07-28,4.7998046875,102.56005859375,2.279998779296889,-0.7400054931640341,23.239999771118164,-0.03000000000000025,0.0,87.31,0.0014699999999998603,0.0,0.008459225593304077
2022-07-29,-68.599609375,48.81982421875,-0.8400039672851562,-0.09999847412110796,22.32999992370605,-0.09999999999999964,0.75,-70.99000000000001,-0.007319999999999993,0.0,-0.000818790992532773
2022-08-01,-65.1005859375,57.860107421875,2.2000045776367188,-0.4499969482421875,21.32999992370605,-0.010000000000000231,-0.010000000000000231,19.22999999999999,0.0049600000000000755,0.0,0.002537397222088139
2022-08-02,-23.099609375,-11.66015625,-4.730003356933608,-0.45000457763670454,22.84000015258789,-0.06999999999999984,0.010000000000000231,11.090000000000003,0.0013999999999998458,0.0,0.0027762583037524912
2022-08-03,12.0,-27.43994140625,0.5299987792968892,0.7900009155273153,23.93000030517578,0.1499999999999999,0.0,-44.66,0.0007399999999999629,0.0,0.00833327312602203
2022-08-04,52.099609375,63.97998046875,-3.7599945068359517,0.2700042724609659,21.950000762939453,-0.020000000000000018,0.0,19.03,0.0005300000000003635,0.0,0.0015191993687180302
2022-08-05,9.900390625,-3.22998046875,-2.1200027465820312,-0.8199996948242472,21.440000534057617,-0.04999999999999982,0.0,-37.25999999999999,0.0009600000000000719,0.0,0.0038617831854405923
2022-08-08,-15.2998046875,-6.75,0.470001220703125,0.9300003051758097,21.149999618530277,0.1499999999999999,0.0,29.0,0.0005899999999998684,0.0,0.0003096828635201586
2022-08-09,1.2998046875,-5.1298828125,1.7500000000000142,-0.18000030517580967,21.290000915527344,-0.06000000000000005,0.0,120.44999999999999,-0.0004500000000002835,0.0,0.0022594890338608104
2022-08-10,-54.7998046875,-17.58984375,-0.26000213623048296,-0.06999969482419033,21.770000457763672,0.029999999999999805,0.0,-38.829999999999984,0.0019400000000002748,0.0,-0.002346030708037223
2022-08-11,25.5,87.77001953125,1.4300003051757812,-1.1700057983398438,19.739999771118164,-0.020000000000000018,0.0,-104.75000000000001,-0.0019900000000001583,0.0,0.010409429348180609
2022-08-12,-99.7998046875,-2.97021484375,2.4099960327148438,-0.11000061035157671,20.200000762939453,0.0900000000000003,0.0,15.060000000000002,0.008199999999999985,0.0,-0.004353911257331827
2022-08-15,-32.7001953125,72.8798828125,-2.25,0.5400009155273295,19.530000686645508,-0.03000000000000025,0.0,-50.81,-0.008280000000000065,0.0,-0.005062530492881953
2022-08-16,-63.2001953125,16.990234375,-2.67999267578125,0.9200057983398438,19.950000762939453,-0.04999999999999982,0.0,97.08,0.005730000000000235,0.0,0.005648150448714135
2022-08-18,115.400390625,8.06005859375,-2.8800048828125,-0.05000305175779829,19.690000534057617,0.029999999999999805,0.0,-41.69,0.0014099999999999113,0.0,0.007416924897523258
2022-08-19,-12.30078125,-21.4599609375,3.970001220703125,0.9800033569335938,19.559999465942383,0.06000000000000005,0.0,-11.269999999999996,0.0007999999999999119,0.0,-0.0019672728849290328
2022-08-22,81.6005859375,-55.26025390625,0.26999664306640625,0.689994812011733,20.600000381469727,0.10000000000000009,0.0,5.819999999999993,0.00021000000000004349,0.0,-0.009026572477233529
2022-08-23,-14.7001953125,-90.48974609375,-0.5399932861328125,0.8800048828124716,23.799999237060547,0.04999999999999982,0.0,70.53000000000002,0.0023599999999999177,0.0,0.007747395727938328
2022-08-24,102.5,-9.26025390625,3.5099945068359233,-0.43000030517575283,24.11000061035156,0.020000000000000018,0.0,-75.71000000000001,0.031090000000000284,0.25,0.0043795836897338345
2022-08-25,-83.5,12.0400390625,1.1500015258789205,0.05999755859373579,22.81999969482422,0.06000000000000005,0.0,43.97999999999999,0.2350699999999999,0.0,-0.002853112029311444
2022-08-26,-5.0,58.35009765625,-2.3700027465820312,-0.20999908447265625,21.780000686645508,-0.08000000000000007,0.0,-70.91999999999999,0.028499999999999748,0.0,-0.0054453582384096835
2022-08-29,-72.0,-141.460205078125,0.540000915527358,0.3300018310546733,25.559999465942383,0.010000000000000231,0.0,55.50999999999999,-0.009830000000000005,0.0,-0.00044901651081715355
2022-08-30,38.0,-27.0498046875,3.9500045776367188,0.03999328613282671,26.209999084472656,0.08000000000000007,0.0,-24.36,0.02787000000000006,0.0,0.003838396481668679
2022-08-31,84.0,-44.4501953125,-5.3700027465820455,-0.06999969482421875,26.209999084472656,-0.010000000000000231,0.0,-14.289999999999992,0.02324000000000037,0.0,0.002666568079935189
2022-09-01,-45.0,-31.159912109375,-2.089996337890625,-0.06999969482420454,25.8700008392334,0.040000000000000036,0.0,43.22999999999999,-0.01479000000000008,0.0,-0.003556574258328824
2022-09-02,5.0,11.85009765625,-2.94000244140625,0.9900054931640341,25.559999465942383,0.10999999999999988,0.0,-50.52999999999999,0.059699999999999864,0.0,0.003360047756464811
2022-09-05,47.099609375,-42.590087890625,0.26000213623046875,-0.1600036621093608,25.46999931335449,-0.05999999999999961,0.0,-10.700000000000003,-0.013040000000000163,0.0,0.007592982257580558
2022-09-06,-12.099609375,0.0,0.0,0.0,25.46999931335449,0.0,0.0,93.46,0.06227000000000027,0.0,0.00017586855906058643
2022-09-07,-7.7001953125,-16.070068359375,0.0099945068359375,0.6800003051757812,26.90999984741211,0.1299999999999999,0.0,-67.14,0.011130000000000084,0.0,-0.006435283455339123
2022-09-08,21.7001953125,71.68017578125,-4.939994812011719,-0.37000274658203125,24.63999938964844,-0.06000000000000005,0.0,-3.8900000000000006,0.020199999999999996,0.0,0.006277982135357888
2022-09-09,-38.7001953125,26.309814453125,1.5999984741210938,-0.12999725341796875,23.61000061035156,0.020000000000000018,0.0,-40.04,0.01925999999999961,0.0,0.00146997087945023
2022-09-12,27.0,61.18017578125,3.25,-0.7099990844726562,22.790000915527344,0.040000000000000036,0.0,18.410000000000004,-0.03775999999999957,0.0,0.001629028163153509
2022-09-13,-69.2998046875,43.050048828125,0.9899978637695312,-0.6699981689453267,23.8700008392334,0.040000000000000036,0.0,96.34,0.060479999999999645,0.0,0.008722283247636384
2022-09-14,35.7001953125,-177.72021484375,-0.470001220703125,1.4899978637695455,27.270000457763672,0.04999999999999982,0.0,-67.02000000000001,0.03198999999999996,0.0,-0.005472434926713927
2022-09-15,96.2001953125,13.320068359375,1.1700057983398438,-0.15999603271484375,26.15999984741211,-0.009999999999999787,0.0,21.38000000000001,-0.0018099999999998673,0.0,0.003774490856372756
2022-09-16,-39.900390625,-44.659912109375,-3.3800048828125,0.07999420166014204,26.270000457763672,0.040000000000000036,0.0,1.8499999999999943,0.008780000000000232,0.0,-0.018893266971657396
2022-09-19,18.599609375,-28.02001953125,0.01000213623046875,0.02000427246096592,26.299999237060547,0.0,0.0,4.719999999999999,-0.05908000000000024,0.0,0.003706076723218053
2022-09-20,12.400390625,26.559814453125,0.6200027465820312,-0.02000427246096592,25.76000022888184,0.040000000000000036,0.0,-58.209999999999994,0.09362000000000004,0.0,0.00020335384640057417
2022-09-21,39.7998046875,-43.9599609375,-1.2800064086914062,0.48000335693360796,27.15999984741211,0.07999999999999963,0.0,13.519999999999996,-0.013869999999999827,0.0,-0.0012008409976569216
2022-09-22,22.7998046875,-66.0,-1.5099945068359375,0.4199981689453125,27.989999771118164,-0.06000000000000005,0.0,-7.730000000000004,-0.04300000000000015,0.0,0.004246737876143035
2022-09-23,10.400390625,-31.93994140625,0.5499954223632812,0.7099990844726562,27.350000381469727,0.1900000000000004,0.75,68.32,0.21275999999999984,0.5,-0.005601373959053124
2022-09-26,7.599609375,-64.760009765625,-4.75,1.840003967285142,29.920000076293945,-0.010000000000000231,0.0,-5.329999999999984,0.11037000000000008,0.0,-0.007141058066586359
2022-09-27,4.400390625,-38.18994140625,-2.029998779296875,0.909996032714858,32.2599983215332,0.18999999999999995,0.0,-47.91000000000001,0.08288999999999991,0.0,-0.0021142931364349794
2022-09-28,173.0,-7.75,1.7900009155273438,0.01000213623046875,32.599998474121094,0.0900000000000003,0.0,109.02,0.02829000000000015,0.0,-0.004992223906596678
2022-09-29,-36.7998046875,71.75,3.6500015258789062,-1.5100021362304688,30.18000030517578,-0.25,0.0,-39.19,0.026860000000000106,0.0,-0.005786433912778072
2022-09-30,8.099609375,-78.570068359375,-0.9199981689453125,-0.34999847412109375,31.84000015258789,0.03999999999999959,0.0,-62.66999999999999,0.034170000000000034,0.0,0.0006534930475305685
2022-10-03,-0.099609375,-54.849853515625,-1.7400054931640625,-0.12999725341795454,31.6200008392334,0.07000000000000028,0.0,99.72,0.013789999999999747,0.0,-0.004424055265555724
2022-10-04,45.7998046875,92.809814453125,4.1399993896484375,-0.37000274658204546,30.100000381469727,-0.16000000000000014,0.0,-46.81,0.004669999999999952,0.0,0.008882064220399912
2022-10-05,69.0,112.5,2.8899993896484375,-1.6800003051757812,29.06999969482422,-0.04999999999999982,0.0,2.759999999999991,-0.008299999999999752,0.0,0.00044232199332023983
2022-10-06,-110.0,-7.64990234375,1.2400054931640625,1.0,28.549999237060547,0.13999999999999968,0.0,4.450000000000017,0.001100000000000101,0.0,0.00017499725403860691
2022-10-07,26.7001953125,-38.760009765625,0.6899948120117188,1.1900024414062642,30.520000457763672,0.07000000000000028,0.0,15.72999999999999,-0.002420000000000311,0.0,-0.0070678033860288505
2022-10-10,9.099609375,-104.860107421875,4.19000244140625,0.5400009155273153,31.36000061035156,0.06000000000000005,0.0,-29.150000000000006,-0.016880000000000006,0.0,-0.004619902933383445
2022-10-11,30.2001953125,-27.27001953125,-1.510002136230483,0.3399963378906392,32.45000076293945,0.0,0.0,41.58000000000001,0.04377000000000031,0.0,-0.007930545922605302
2022-10-12,97.0,-23.5498046875,-1.7799987792968608,0.0800018310546875,33.630001068115234,0.040000000000000036,0.0,-25.55000000000001,-0.012150000000000105,0.0,-0.004323413710816618
2022-10-13,-4.5,-11.81005859375,-2.0800018310546875,0.09999847412109375,33.56999969482422,-0.020000000000000018,0.0,31.0,-0.007010000000000183,0.0,-0.004145666343150306
2022-10-14,-19.900390625,92.8798828125,1.8400039672851562,-0.9599990844726562,31.940000534057617,0.06000000000000005,0.0,-17.829999999999984,0.004650000000000265,0.0,-0.009652425116809835
2022-10-17,45.400390625,-86.83984375,-3.5,0.9499969482422017,32.02000045776367,0.029999999999999805,0.0,11.909999999999997,-0.03611999999999993,0.0,0.002430879209037302
2022-10-18,56.0,94.8798828125,-0.15000152587890625,-1.2699966430664205,31.3700008392334,0.019999999999999574,0.0,-51.77000000000001,0.04974999999999996,0.0,0.0004945123523051511
2022-10-19,21.400390625,42.030029296875,-2.6399993896484375,0.08999633789061079,30.5,-0.009999999999999787,0.0,-55.81,-0.01053000000000015,0.0,0.0037856262890909494
2022-10-20,24.7998046875,-24.820068359375,2.7300033569335938,0.8500061035156392,30.76000022888184,0.1299999999999999,0.0,-2.6899999999999977,-0.027569999999999872,0.0,0.01737421787327995
2022-10-21,153.7998046875,-29.3798828125,0.43000030517578125,-0.10000610351563921,29.979999542236328,0.10000000000000053,0.0,7.689999999999998,0.3285,0.5,0.005303344243558937
2022-10-24,-58.0,86.969970703125,-0.9300003051757812,-0.8699951171874716,29.690000534057617,-0.03000000000000025,0.0,28.99000000000001,0.02939999999999987,0.0,0.005013643239924948
2022-10-25,64.0,44.590087890625,-0.470001220703125,-0.02000427246096592,29.850000381469727,0.040000000000000036,0.0,60.94999999999999,0.09464999999999968,0.0,-0.0006615023740758404
2022-10-26,-39.5,61.77001953125,0.7399978637695312,-1.0400009155273153,28.459999084472656,-0.15000000000000036,0.0,-63.33999999999999,0.0030999999999998806,0.0,-0.0006302608057287128
2022-10-27,-37.5,-28.510009765625,2.5900039672851562,-1.25,27.280000686645508,-0.05999999999999961,0.0,-20.14,0.012600000000000833,0.0,0.006766194445492018
2022-10-28,-46.2998046875,-23.300048828125,1.1699981689453125,0.8899993896484233,27.38999938964844,-0.08000000000000007,0.0,65.97999999999999,-0.002380000000000493,0.0,-0.005049727039906147
2022-10-31,51.5,93.760009765625,-1.1800003051757812,0.08000183105470171,25.75,0.05999999999999961,0.0,53.5,-0.06879999999999953,0.0,0.006054459897510615
2022-11-01,-5.0,-29.080078125,-1.3700027465820312,0.8600006103515483,25.8799991607666,0.08000000000000007,0.0,-43.16,0.03062999999999949,0.0,-0.006584191337172113
2022-11-02,99.7998046875,-15.8798828125,1.8400039672851562,-0.04999542236328125,25.809999465942383,-0.02999999999999936,0.0,-33.64999999999999,0.01902000000000026,0.0,-0.005205200697783883
2022-11-03,41.0,-96.41015625,1.6299972534179688,-0.1300048828125,25.86000061035156,0.02999999999999936,0.0,-29.28,0.002060000000000173,0.0,0.0026879656137501974
2022-11-04,6.0,-39.800048828125,-1.8300018310546875,1.5800018310546875,25.299999237060547,0.040000000000000036,0.75,42.52999999999999,0.0011599999999996058,0.0,0.0015559002301134147
2022-11-07,84.0,50.66015625,4.44000244140625,-2.0500030517578267,24.549999237060547,0.03000000000000025,0.0,-18.659999999999997,0.02104999999999979,0.0,0.008039264492459428
2022-11-08,-170.5,36.25,-0.8199996948242188,-0.7599945068359091,24.350000381469727,0.04999999999999982,0.0,123.45000000000002,-0.011699999999999378,0.0,-0.007386705677091341
2022-11-09,65.5,21.31005859375,-2.8799972534179688,-0.5,25.540000915527344,-0.08000000000000007,0.0,-121.92000000000002,0.01126999999999967,0.0,0.0028268731355174568
2022-11-10,-30.0,-79.5400390625,-3.0800018310546875,0.9300003051757528,26.09000015258789,-0.019999999999999574,0.0,23.0,0.002869999999999706,0.0,-0.014711051386697468
2022-11-11,26.5,207.800048828125,0.6399993896484375,-2.340003967285142,23.530000686645508,-0.30000000000000027,0.0,-27.03,-0.006109999999999616,0.0,0.01741204584121605
2022-11-14,-171.5,36.559814453125,2.4899978637695312,-1.9199981689453125,22.520000457763672,0.0,0.0,64.41,0.019509999999999472,0.0,-0.009896735870884011
2022-11-15,-26.099609375,-35.679931640625,-3.089996337890625,0.37000274658203125,23.729999542236328,0.06000000000000005,0.0,31.54000000000002,-0.01733999999999991,0.0,0.002292143846535253
2022-11-16,56.19921875,34.47998046875,1.0499954223632812,-0.26000213623046875,24.540000915527344,-0.08000000000000007,0.0,-120.43,-0.006069999999999354,0.0,-0.003005893451357754
2022-11-17,26.900390625,-32.93994140625,-1.3300018310546875,-0.12000274658203125,24.11000061035156,-0.1299999999999999,0.0,12.739999999999995,0.009549999999999947,0.0,0.0043532675955042
2022-11-18,98.0,-12.22998046875,-3.9499969482421875,0.4100036621093608,23.93000030517578,0.10000000000000009,0.0,-16.61,0.2562099999999994,0.5,0.005265797235697941
2022-11-21,65.0,18.780029296875,-1.55999755859375,0.23999786376954546,23.1200008392334,0.04999999999999982,0.0,42.16999999999999,0.08715000000000028,0.0,-0.0026770618804974463
2022-11-22,-90.599609375,-15.400146484375,-0.34999847412109375,0.9099960327148438,22.36000061035156,0.010000000000000231,0.0,-11.159999999999982,0.13665000000000038,0.0,-0.004634542441452325
2022-11-23,125.599609375,53.64013671875,1.2199935913085938,-0.6199951171875,21.290000915527344,-0.07000000000000028,0.0,3.280000000000001,0.02228999999999992,0.0,0.0033419469180464155
2022-11-24,-84.0,23.679931640625,-3.0099945068359375,-1.1399993896484517,20.350000381469727,-0.04999999999999982,0.0,57.86999999999999,0.01698999999999984,0.0,0.003734389260227834
2022-11-25,-51.400390625,0.0,0.0,0.0,20.350000381469727,0.0,0.0,42.870000000000005,-0.006450000000000067,0.0,-0.003872352782489883
2022-11-28,-14.599609375,-1.139892578125,-1.660003662109375,-0.12000274658201704,20.5,-0.029999999999999805,0.0,-36.99000000000001,-0.0010099999999999554,0.0,-0.0050875305802278465
2022-11-29,70.099609375,-62.18017578125,0.9599990844726562,0.720001220703125,22.209999084472656,0.009999999999999787,0.0,-6.2099999999999795,-0.0003700000000002035,0.0,-0.0007539955611697907
2022-11-30,70.900390625,-6.31005859375,0.9599990844726562,0.1399993896484375,21.88999938964844,0.06000000000000005,0.0,-92.53000000000002,-0.013099999999999667,0.0,0.009826555275598867
2022-12-01,-19.5,122.480224609375,2.350006103515625,-0.870002746582017,20.57999992370605,-0.06999999999999984,0.0,-0.6199999999999903,0.010799999999999699,0.0,-0.00858171015990714
2022-12-02,-92.0,-3.5400390625,0.6699981689453125,-1.219993591308608,19.84000015258789,-0.15000000000000036,0.0,87.21000000000001,0.010450000000000514,0.0,-0.00016581564468259166
2022-12-05,-279.0,-4.8701171875,-1.2399978637695312,-0.18000030517579546,19.059999465942383,-0.020000000000000018,0.0,-129.08,0.00046999999999997044,0.0,-0.004613574346297389
2022-12-06,65.5,-72.85986328125,-3.0500030517578125,0.7399978637695455,20.75,0.0900000000000003,0.0,139.10999999999999,-0.006610000000000227,0.0,-0.013654246355298567
2022-12-07,99.2998046875,-57.580078125,-2.6800003051757812,0.29000091552732954,22.170000076293945,-0.0900000000000003,0.0,-81.45999999999998,0.006520000000000081,0.0,-0.010767537294201244
2022-12-08,102.7001953125,-7.340087890625,-2.2399978637695312,-0.48000335693357954,22.68000030517578,-0.08999999999999986,0.0,45.69,-0.0017500000000003624,0.0,-0.002132412865576043
2022-12-09,-27.0,29.590087890625,-0.5500030517578125,-0.3300018310546875,22.290000915527344,0.06000000000000005,0.0,-69.56,0.020330000000000403,0.0,-0.013182617316814728
2022-12-12,-6.0,-29.130126953125,-0.44000244140625,0.04000091552735796,22.82999992370605,0.08999999999999986,0.0,32.5,-0.07246000000000041,0.0,0.002875035743654753
2022-12-13,-8.0,56.18017578125,2.1500015258789062,0.31999969482419033,25.0,0.040000000000000036,0.0,55.389999999999986,0.06845999999999997,0.0,0.011202046794274653
2022-12-14,94.2998046875,29.08984375,2.220001220703125,-1.1499938964843608,22.549999237060547,-0.10000000000000009,0.0,-47.349999999999994,0.005130000000000301,0.0,-0.0012587209507487242
2022-12-15,-121.599609375,-24.329833984375,1.8899993896484375,-0.2100067138671875,21.13999938964844,-0.019999999999999574,0.0,-1.4499999999999886,0.003230000000000288,0.0,-0.007361786205971785
2022-12-16,-73.7001953125,-99.570068359375,-1.1699981689453125,0.790000915527358,22.82999992370605,-0.050000000000000266,0.5,-5.950000000000003,-0.023020000000000707,0.0,0.008896073598400533
2022-12-19,145.0,-43.389892578125,-1.8199996948242188,0.1399993896484375,22.6200008392334,0.040000000000000036,0.0,-15.88000000000001,-0.017539999999999445,0.0,-0.004781481921040428
2022-12-20,-10.099609375,-34.7001953125,0.9000015258789062,0.02000427246092329,22.420000076293945,0.08999999999999986,0.0,-11.799999999999997,0.009509999999999685,0.0,-0.0016802945084432894
2022-12-21,-48.400390625,3.960205078125,0.899993896484375,-0.75,21.479999542236328,0.1200000000000001,0.0,-14.429999999999993,-0.0006899999999996353,0.0,0.007704394404814876
2022-12-22,-11.5,56.81982421875,2.2000045776367188,0.19000244140625,20.06999969482422,-0.009999999999999787,0.0,74.78999999999999,-0.0041799999999998505,0.0,0.0005524392472550509
2022-12-23,-43.0,-56.050048828125,-0.8000030517578125,0.26999664306640625,21.96999931335449,-0.010000000000000231,0.0,-48.94,0.10083999999999982,0.25,-0.003487577007324952
2022-12-26,50.0,22.43017578125,2.0699996948242188,-0.12000274658201704,20.8700008392334,0.08000000000000007,0.0,-14.549999999999997,0.059470000000000134,0.0,0.0051531376412743725
2022-12-27,2.900390625,0.0,0.0,0.0,20.8700008392334,0.0,0.0,86.14999999999999,0.024649999999999395,0.0,0.012678387167309057
2022-12-28,41.099609375,-15.570068359375,-0.029998779296875,-0.12999725341798296,21.649999618530277,0.08999999999999986,0.0,-100.66,-0.020369999999999777,0.0,-0.010528516201977249
2022-12-29,10.5,-46.030029296875,-0.5699996948242188,0.279998779296875,22.13999938964844,0.040000000000000036,0.0,16.27000000000001,0.022529999999999717,0.0,0.0013941231497191181
2022-12-30,171.5,66.06005859375,-0.55999755859375,-0.6200027465820312,21.440000534057617,-0.04999999999999982,0.0,37.78999999999999,-0.013370000000000104,0.0,-0.0013796541201599442
2023-01-02,-169.0,-9.780029296875,1.8600006103515625,-0.31999969482421875,21.670000076293945,0.04999999999999982,0.0,75.61000000000001,0.0455400000000008,0.0,5.324137520386318e-05
2023-01-03,-111.2001953125,0.0,0.0,0.0,21.670000076293945,0.0,0.0,-13.969999999999999,-0.06387000000000054,0.0,0.0054985052525945936
2023-01-04,41.2001953125,-15.360107421875,-3.3300018310546875,1.0,22.899999618530277,-0.08999999999999986,0.0,-67.82000000000001,0.016329999999999956,0.0,-0.011023182966345463
2023-01-05,21.7998046875,28.830078125,-4.090003967285156,-0.26999664306640625,22.01000022888184,-0.10000000000000009,0.0,-3.3100000000000023,0.008729999999999905,0.0,-0.023673342439321142
2023-01-06,-11.7998046875,-44.869873046875,0.8300018310546875,0.7900009155273438,22.459999084472656,0.020000000000000018,0.0,61.80999999999999,0.0019200000000001438,0.0,0.004605851066510053
2023-01-09,60.0,86.97998046875,0.09999847412109375,-1.1600036621093892,21.1299991607666,-0.16000000000000014,0.0,-17.129999999999995,-0.038439999999999586,0.0,0.0005544126737962835
2023-01-10,-17.7001953125,-2.989990234375,0.8600006103515625,-0.8799972534179545,21.96999931335449,-0.020000000000000018,0.0,-6.4199999999999875,0.04204000000000008,0.0,-0.009881723941979576
2023-01-11,-22.2998046875,27.159912109375,0.4900054931640625,0.23999786376951704,20.57999992370605,0.08000000000000007,0.0,233.93999999999997,0.02629999999999999,0.0,-0.005761511551544223
2023-01-12,-51.099609375,50.360107421875,2.2900009155273438,-0.04999542236328125,21.09000015258789,-0.06999999999999984,0.0,-22.859999999999957,0.006959999999999411,0.0,0.006883578618725169
2023-01-13,-114.900390625,13.559814453125,0.9799957275390625,-0.9400024414062358,18.82999992370605,-0.10999999999999988,0.0,-174.42000000000002,-0.03777000000000008,0.0,0.0017926779192331446
2023-01-16,-242.0,15.920166015625,1.470001220703125,-0.05000305175779829,18.350000381469727,0.06000000000000005,0.0,-47.22,0.011900000000000688,0.0,0.0069358780582654935
2023-01-17,-57.2001953125,0.0,0.0,0.0,18.350000381469727,0.0,0.0,24.5,0.007629999999999804,0.0,0.011784658981976578
2023-01-18,-32.7998046875,-8.1201171875,0.31999969482421875,0.1900024414062358,19.36000061035156,0.03999999999999959,0.0,-92.92,0.01004999999999967,0.0,-0.00022961597298620185
2023-01-19,80.0,-62.10986328125,-0.6999969482421875,-0.029998779296875,20.34000015258789,-0.1599999999999997,0.0,236.74,0.00041000000000046555,0.0,0.007967407863077905
2023-01-20,-66.0,-30.010009765625,0.8499984741210938,-0.3000030517577983,20.520000457763672,0.020000000000000018,0.0,-204.13000000000002,0.11456,0.25,0.008035760678428396
2023-01-24,45.0,73.760009765625,0.9799957275390625,-0.04999542236328125,19.850000381469727,0.08999999999999986,0.0,13.799999999999997,0.05693999999999999,0.0,-0.0020497049430931113
2023-01-25,-134.0,44.33984375,-1.1800003051757812,-0.09000396728515625,19.200000762939453,-0.020000000000000018,0.0,3.3900000000000006,0.044019999999999726,0.0,-0.004517473989675744
2023-01-26,-51.5,-0.72998046875,0.0200042724609375,-0.2799987792968892,19.07999992370605,0.0,0.0,-9.900000000000006,0.04052999999999951,0.0,0.005095058436367361
2023-01-27,-16.7998046875,44.2099609375,0.8600006103515625,0.1999969482421875,18.729999542236328,0.03000000000000025,0.0,-40.849999999999994,0.052250000000000796,0.0,0.0049642045080367635
2023-01-30,3.7998046875,10.130126953125,-1.3300018310546875,0.09000396728515625,18.51000022888184,0.029999999999999805,0.0,38.36,-0.042030000000000456,0.0,-0.0038485431501189744
2023-01-31,27.900390625,-52.7900390625,-1.779998779296875,0.34999847412109375,19.940000534057617,0.029999999999999805,0.0,80.08999999999999,0.07934000000000019,0.0,-0.004833671682312839
2023-02-01,24.599609375,58.830078125,0.970001220703125,-0.18000030517578125,19.399999618530277,-0.029999999999999805,0.0,-32.78999999999999,0.02984999999999971,0.0,0.00334501629676095
2023-02-02,-4.2998046875,42.60986328125,-2.4599990844726562,-0.8799972534179688,17.8700008392334,-0.1299999999999999,0.0,-20.97999999999999,0.011250000000000426,0.0,0.004117553360530409
2023-02-03,-135.7001953125,60.5498046875,-0.5300064086914062,0.529998779296875,18.729999542236328,0.009999999999999787,0.25,-20.220000000000013,0.06329999999999991,0.0,0.0030661798597080574
2023-02-06,26.0,-43.27978515625,-2.4899978637695312,1.1699981689453267,18.32999992370605,0.1299999999999999,0.0,-1.1799999999999926,-0.0786699999999998,0.0,-0.005504472178066275
2023-02-07,197.7998046875,-25.39990234375,0.720001220703125,0.7000045776367188,19.43000030517578,0.10000000000000009,0.0,103.22,0.09418999999999933,0.0,0.008908648495415322
2023-02-08,121.2001953125,52.919921875,3.029998779296875,-0.1900024414062642,18.65999984741211,0.040000000000000036,0.0,-28.689999999999998,-0.003889999999999283,0.0,0.0006952208598527644
2023-02-09,-53.0,-46.14013671875,1.3300018310546875,-0.01999664306640625,19.6299991607666,-0.040000000000000036,0.0,-50.71000000000001,-0.017100000000000115,0.0,-0.0061801565820282225
2023-02-10,-30.0,-36.35986328125,-0.410003662109375,-0.19000244140625,20.709999084472656,0.040000000000000036,-0.009999999999999787,-10.569999999999993,0.05021999999999949,0.0,-0.002473003258672875
2023-02-13,23.0,8.9599609375,1.660003662109375,0.40999603271482954,20.530000686645508,0.07000000000000028,0.009999999999999787,-29.24000000000001,-0.10799999999999965,0.0,0.0028752357357084623
2023-02-14,42.2001953125,46.830078125,0.4199981689453125,-0.2799987792968608,20.34000015258789,-0.020000000000000018,0.0,-29.769999999999996,0.1802999999999999,0.0,0.006027305989194362
2023-02-15,28.7998046875,-1.16015625,-1.0800018310546875,-0.1199951171875,18.90999984741211,0.04999999999999982,0.0,35.68000000000001,-0.11526999999999976,0.0,-0.0039428630221077475
2023-02-16,-32.0,11.47021484375,-0.470001220703125,0.689994812011733,18.229999542236328,0.040000000000000036,0.0,94.86999999999999,0.005199999999999427,0.0,-0.002733346693346745
2023-02-17,31.0,-57.190185546875,-0.09999847412109375,-0.05999755859376421,20.170000076293945,0.04999999999999982,0.0,22.569999999999993,0.06793000000000049,0.0,7.222583233486983e-06
2023-02-20,-68.0,-11.31982421875,-2.1500015258789062,0.0,20.020000457763672,-0.040000000000000036,0.0,-125.35,-0.09140000000000015,0.0,-0.00014460321632096387
2023-02-21,17.0,0.0,0.0,0.0,20.020000457763672,0.0,0.0,-9.0,0.20054999999999978,0.0,-0.00309585132779185
2023-02-22,3.5,-81.75,-0.17999267578125,0.31999969482421875,22.8700008392334,0.13000000000000034,0.0,-19.919999999999987,-0.04218999999999973,0.0,-0.009272197470185253
2023-02-23,70.5,-6.2900390625,-2.2100067138671875,0.40999603271484375,22.290000915527344,-0.020000000000000018,0.0,71.43,-0.04652999999999974,0.0,0.004320530827375111
2023-02-24,-41.0,21.27001953125,1.44000244140625,0.01000213623046875,21.13999938964844,-0.050000000000000266,0.0,48.0,-0.015179999999999971,0.0,0.002500298099600083
2023-02-27,18.0,-42.280029296875,0.9300003051757812,0.6100006103515625,21.670000076293945,0.07000000000000028,0.0,-105.98000000000002,-0.0458400000000001,0.0,-0.0002624564348960014
2023-02-28,47.7001953125,12.199951171875,-0.6399993896484375,-0.5400009155273295,20.950000762939453,-0.03000000000000025,-0.009999999999999787,48.27000000000001,0.07972999999999963,0.0,-0.0016846365170148077
2023-03-01,-48.7001953125,-12.090087890625,1.3700027465820312,0.20000457763671875,20.700000762939453,0.0,0.0,-42.24000000000001,0.039380000000000415,0.0,0.0002479900582680676
2023-03-02,31.0,-18.760009765625,0.6399993896484375,-0.3899993896484517,20.57999992370605,0.08999999999999986,0.009999999999999787,-9.049999999999997,-0.03404000000000007,0.0,0.0018214403190712717
2023-03-03,3.0,29.960205078125,0.470001220703125,0.5499954223632812,19.59000015258789,0.07000000000000028,-0.009999999999999787,79.50000000000001,0.05554999999999932,0.0,-0.006404622055481663
2023-03-06,79.0,64.289794921875,1.5199966430664062,-0.5100021362304688,18.489999771118164,-0.10999999999999988,0.0,-68.78000000000002,-0.16757999999999917,0.0,-0.0009742942757040037
2023-03-07,-66.900390625,2.780029296875,0.779998779296875,-0.1699981689453125,18.61000061035156,0.009999999999999787,0.0,-1.3100000000000023,0.1389699999999996,0.0,-0.0059295708137515404
2023-03-08,96.900390625,-62.0498046875,-2.8799972534179688,1.2700042724609517,19.59000015258789,-0.009999999999999787,0.0,8.540000000000006,-0.05177999999999994,0.0,0.0014195105224551348
2023-03-09,85.0,5.639892578125,-0.9199981689453125,0.04000091552732954,19.11000061035156,0.009999999999999787,0.0,-25.599999999999994,0.025100000000000122,0.0,0.003450875540532766
2023-03-10,13.0,-73.68994140625,-0.94000244140625,-0.3500061035156108,22.61000061035156,-0.04999999999999982,0.0,27.33,-0.03157999999999994,0.0,-0.005085586814293155
2023-03-13,39.0,-56.72998046875,0.9599990844726562,-0.7299957275390909,24.799999237060547,-0.22999999999999998,0.0,68.32000000000001,-0.01364000000000054,0.0,0.0031955325228223697
2023-03-14,-16.400390625,-5.830078125,-1.8799972534179688,-0.9800033569335795,26.520000457763672,-0.15000000000000036,0.009999999999999787,59.099999999999994,0.15703000000000067,0.0,-0.0216172852321111
2023-03-15,-63.599609375,63.530029296875,-3.470001220703125,0.0,23.729999542236328,0.0900000000000003,0.0,19.94999999999999,-0.11975000000000069,0.0,-0.00206131318466526
2023-03-16,-37.0,-27.360107421875,-3.720001220703125,1.0500030517578125,26.13999938964844,-0.13000000000000034,0.0,-80.85,-0.04962,0.0,-0.00946040361071739
2023-03-17,107.0,68.35009765625,0.7399978637695312,-0.23000335693357954,22.989999771118164,0.050000000000000266,0.0,26.139999999999986,0.11186000000000007,0.0,0.016990606207410167
2023-03-20,-57.0,-43.64013671875,-1.6100006103515625,-0.7099990844726705,25.51000022888184,-0.16999999999999993,0.0,44.860000000000014,-0.07974000000000014,0.0,-0.009893682727707274
2023-03-21,-53.5,34.93017578125,0.9000015258789062,-0.43000030517578125,24.149999618530277,0.08000000000000007,0.0,-77.85,0.13256000000000068,0.0,0.011894308051518334
2023-03-24,-28.5,51.300048828125,1.69000244140625,-0.01999664306639204,21.3799991607666,0.11999999999999966,0.0,-55.99000000000001,-0.0763600000000002,0.0,0.010501624175989273
2023-03-27,-293.0,-31.880126953125,-0.06999969482421875,-0.1399993896484375,21.739999771118164,-0.20999999999999996,0.25,61.03,-0.1375200000000003,0.0,-0.007916314901389852
2023-03-28,101.0,6.5400390625,3.5499954223632812,-0.26000213623048296,20.600000381469727,0.1499999999999999,0.0,-21.909999999999997,0.1959900000000001,0.0,0.007631490411722344
2023-03-29,-40.5,-6.260009765625,0.3899993896484375,-0.43000030517578125,19.96999931335449,0.020000000000000018,0.0,-24.040000000000006,-0.08728999999999942,0.0,0.011633849156573053
2023-03-30,-46.5,56.5400390625,-0.2299957275390625,0.20999908447265625,19.1200008392334,0.020000000000000018,0.0,9.240000000000009,0.01699999999999946,0.0,-0.004467181874958668
2023-03-31,-29.5,23.02001953125,1.4000015258789062,-0.5,19.020000457763672,-0.020000000000000018,0.0,-44.230000000000004,-0.04265000000000008,0.0,-0.000539775959104225
2023-04-03,-11.5,58.47998046875,1.2999954223632812,0.37000274658204546,18.700000762939453,-0.06999999999999984,0.0,62.21000000000001,0.05651000000000028,0.0,0.0032126236129219493
2023-04-04,-32.0,15.19970703125,4.75,-0.42000579833985796,18.549999237060547,-0.04999999999999982,0.0,5.389999999999986,-0.016670000000000407,0.0,0.0008789550816488963
2023-04-05,-73.0,-23.90966796875,0.29000091552734375,-0.5,19.0,-0.08000000000000007,0.0,4.150000000000006,-0.04252999999999929,0.0,-0.0019781099737693876
2023-04-06,43.0,-10.22021484375,-0.09999847412109375,0.26000213623046875,19.07999992370605,-0.050000000000000266,0.0,-46.019999999999996,0.035339999999999705,0.0,-0.00395369281895048
2023-04-10,-2.0,14.64013671875,0.089996337890625,-0.029998779296875,18.399999618530277,0.0,0.0,-68.11000000000001,-0.020010000000000083,0.0,-0.0031746227543129326
2023-04-11,-50.0,4.08984375,-0.9599990844726562,0.7600021362304545,18.96999931335449,0.11000000000000032,0.0,76.25,0.047889999999999766,0.0,0.0059015753809521275
2023-04-12,49.0,-0.169921875,1.7900009155273438,-0.3800048828124716,19.100000381469727,0.020000000000000018,0.0,38.72999999999999,0.001020000000000465,0.0,-0.0018148198292976237
2023-04-13,-42.0,-16.989990234375,1.7300033569335938,-0.6999969482422017,19.09000015258789,-0.020000000000000018,0.0,-45.56,-0.07086000000000059,0.0,-0.001967781803723554
2023-04-14,-89.5,54.270263671875,-1.0999984741210938,-0.48999786376951704,17.799999237060547,0.040000000000000036,0.0,148.23000000000002,0.0393100000000004,0.0,0.004847944869169197
2023-04-17,-103.5,-8.580078125,0.35999298095703125,0.5400009155273153,17.06999969482422,0.06999999999999984,0.0,-219.85000000000002,-0.03817999999999966,0.0,-0.0045556203428334194
2023-04-18,-27.0,13.6796875,-1.6899948120117188,0.5499954223632955,16.950000762939453,0.08000000000000007,0.0,13.14,0.0980799999999995,0.0,0.005029640846276406
2023-04-26,167.0,3.55029296875,0.029998779296875,-0.34999847412109375,16.829999923706055,-0.020000000000000018,0.0,135.18,0.32484,0.0,0.012866495444241254
2023-04-27,75.0,-98.880126953125,-6.55999755859375,-0.279998779296875,18.84000015258789,-0.1499999999999999,0.0,-51.45000000000002,-0.38290999999999986,0.0,0.005099756551684359
2023-04-28,-93.5,79.360107421875,0.45999908447265625,0.029998779296875,17.030000686645508,0.09999999999999964,0.0,21.939999999999998,0.00788999999999973,0.0,-0.004294186868143618
2023-05-02,-157.5,34.1298828125,2.0199966430664062,0.1699981689453267,15.779999732971191,-0.08999999999999986,0.0,-62.959999999999994,0.10821000000000058,0.0,-0.007607845045561333
2023-05-03,-12.5,-49.89990234375,-5.1199951171875,0.29000091552732954,17.780000686645508,0.0,0.0,155.51,-0.08543000000000056,0.0,-0.007396860481343775
2023-05-04,81.0,-28.830078125,-3.0600051879882812,-0.6200027465820312,18.34000015258789,-0.06000000000000005,0.0,-109.64000000000001,-0.013099999999999667,0.0,0.004584508696130452
2023-05-05,-72.0,-29.530029296875,-0.04000091552734375,0.06000518798828125,20.09000015258789,-0.009999999999999787,0.25,-34.91999999999999,-0.03017000000000003,0.0,-0.008274315425528617
2023-05-08,19.5,75.030029296875,2.779998779296875,-0.19000244140625,17.190000534057617,0.06999999999999984,0.0,-4.069999999999993,-0.07643000000000022,0.0,-0.002655405044201214
2023-05-09,-32.0,1.8701171875,1.82000732421875,0.1600036621093892,16.979999542236328,0.08000000000000007,0.0,210.40999999999997,0.11514000000000024,0.0,0.0015275897187859888
2023-05-10,82.0,-18.9501953125,0.5499954223632812,0.26999664306639204,17.709999084472656,0.009999999999999787,0.0,-148.27999999999997,0.01717999999999975,0.0,0.004697635971334724
2023-05-11,17.0,18.47021484375,-1.1500015258789062,-0.15999603271484375,16.940000534057617,-0.09999999999999964,0.0,-93.55,-0.028710000000000235,0.0,-0.008249965045024833
2023-05-12,-76.0,-7.02001953125,-1.6899948120117188,0.5799942016601705,16.93000030517578,-0.040000000000000036,0.0,85.71,0.053930000000000256,0.0,-0.007156280382005002
2023-05-15,79.5,-6.5400390625,-0.8300018310546875,0.620002746582017,17.030000686645508,0.06999999999999984,0.0,35.06,-0.06759999999999966,0.0,0.0005927269845711001
2023-05-16,-27.5,12.19970703125,1.0699996948242188,-0.25,17.1200008392334,0.040000000000000036,0.0,-91.18,-0.017720000000000624,0.0,-0.005254788052425489
2023-05-17,52.0,-26.3798828125,-0.25,0.12999725341798296,17.989999771118164,0.040000000000000036,0.0,-31.959999999999994,-0.030990000000000073,0.0,-0.002016570435706746
2023-05-19,90.0,48.8701171875,1.970001220703125,0.31999969482419033,16.8700008392334,0.029999999999999805,0.0,46.400000000000006,-0.04403999999999986,0.0,0.005604351226226871
2023-05-22,31.0,33.2099609375,-1.279998779296875,0.31999969482424717,16.809999465942383,0.13000000000000034,0.0,-2.0400000000000063,0.010520000000000529,0.0,0.004331427027360343
2023-05-23,2.0,0.64990234375,0.43999481201171875,0.0,17.209999084472656,0.020000000000000018,0.0,287.21,0.04410999999999987,0.0,0.0010451413955272916
2023-05-24,-32.0,-47.0498046875,0.9200057983398438,0.29000091552731533,18.530000686645508,-0.020000000000000018,0.0,-241.71999999999997,-0.02817000000000025,0.0,0.0013528835906684578
2023-05-25,9.0,-30.33984375,1.42999267578125,0.40000152587892046,20.030000686645508,0.029999999999999805,0.0,144.55,-0.06567999999999952,0.0,-0.006181898277723518
2023-05-26,50.900390625,36.03955078125,-2.5099945068359375,0.31999969482421875,19.13999938964844,0.10000000000000009,0.0,-63.70000000000002,0.024099999999999788,0.0,-0.002573324106738556
2023-05-29,24.099609375,54.17041015625,0.839996337890625,0.0,17.950000762939453,-0.03000000000000025,0.0,-17.55000000000001,-0.0696399999999997,0.0,-0.0008825375076867823
2023-05-30,-22.0,0.0,0.0,0.0,17.950000762939453,0.0,0.0,-139.89999999999998,0.13522999999999996,0.0,-0.006709860454703076
2023-05-31,12.0,0.06982421875,-3.2099990844726562,-0.04000091552732954,17.459999084472656,-0.10999999999999988,0.0,30.709999999999994,-0.04540000000000077,0.0,-0.0004765179237170455
2023-06-05,19.0,-25.68994140625,-1.3700027465820312,0.15000152587889204,17.940000534057617,-0.04999999999999982,0.0,153.69000000000003,0.11918000000000006,0.0,2.6499622860414743e-05
2023-06-06,4.0,93.9599609375,4.060005187988281,-0.31999969482421875,14.729999542236328,0.04999999999999982,0.0,-131.78000000000003,-0.05940999999999974,0.0,-0.002190427381869664
2023-06-07,-133.5,10.06005859375,-0.410003662109375,0.12999725341795454,13.960000038146973,0.010000000000000231,0.0,-70.38,-0.02554999999999996,0.0,0.00012569703225492686
2023-06-08,22.5,-16.330078125,0.7900009155273438,-0.02999877929686079,13.9399995803833,0.08999999999999986,0.0,56.37,-0.0272199999999998,0.0,0.007011152832129355
2023-06-09,17.0,26.41015625,-1.2399978637695312,-0.7600021362304688,13.649999618530272,-0.06000000000000005,0.0,-22.17,0.054359999999999964,0.0,0.004145681665606877
2023-06-12,-53.0,4.9296875,-1.1200027465820312,0.2200012207031392,13.829999923706056,0.020000000000000018,0.0,-38.69,-0.04161000000000037,0.0,0.004226047178421628
2023-06-13,-3.0,40.0703125,-3.0499954223632812,0.06999969482419033,15.010000228881836,-0.020000000000000018,0.0,146.24,0.09785000000000021,0.0,-0.0004997827585695307
2023-06-14,38.5,30.07958984375,2.2999954223632812,-0.29000091552732954,14.609999656677246,0.10999999999999988,0.0,-93.42,-0.04530000000000012,0.0,-0.002876185035092338
2023-06-15,-2.5,3.580078125,-1.1500015258789062,-0.32999420166014204,13.880000114440918,-0.009999999999999787,0.0,36.459999999999994,0.0034000000000000696,0.0,0.0020990968606054415
2023-06-16,40.0,53.25,2.350006103515625,-0.8899993896484375,14.5,-0.10999999999999988,-0.009999999999999787,-76.41999999999999,0.006739999999999746,0.0,-0.0022737346952719562
2023-06-19,-12.0,-16.25,1.1599960327148438,0.18000030517575283,13.539999961853027,0.04999999999999982,0.009999999999999787,-14.420000000000002,-0.044480000000000075,0.0,-0.0018659939085710145
2023-06-20,31.0,0.0,0.0,0.0,13.539999961853027,0.0,0.0,220.49,0.09968000000000021,0.0,-0.0038368123704789225
2023-06-21,80.0,-20.8798828125,-1.279998779296875,0.23999786376954546,13.880000114440918,-0.029999999999999805,-0.009999999999999787,-63.98999999999998,4.999999999988347e-05,0.0,0.006311428444920792
2023-06-22,8.0,-23.02001953125,2.029998779296875,-0.470001220703125,13.199999809265137,-0.020000000000000018,0.0,-147.69,-0.020080000000000098,0.0,-0.007542409185590246
2023-06-23,-73.0,16.2001953125,-3.0199966430664062,0.31999969482421875,12.90999984741211,0.07999999999999963,0.0,7.359999999999999,0.000280000000000058,0.0,-0.0018850932207737908
2023-06-26,-8.0,-33.56005859375,-0.34999847412109375,0.5100021362304688,13.4399995803833,-0.05999999999999961,0.0,1.269999999999996,-0.019229999999999414,0.0,0.003748396942709524
2023-06-27,52.0,-19.51025390625,0.20999908447265625,-0.20999908447267046,14.25,-0.020000000000000018,0.0,76.88000000000001,0.040939999999999976,0.0,-0.00041857242793379184
2023-07-03,52.0,49.59033203125,-1.6700057983398438,-0.20000457763671875,13.739999771118164,0.04999999999999982,0.0,-22.940000000000012,0.26700999999999997,0.0,0.00521566732855723
2023-07-04,-53.0,77.1796875,2.0900039672851562,0.5,13.56999969482422,0.08999999999999986,0.009999999999999787,-62.64,-0.3286199999999999,0.0,-0.0022367162472310314
2023-07-05,70.0,0.0,0.0,0.0,13.56999969482422,0.0,0.0,-4.509999999999991,0.035989999999999966,0.0,0.005555404460232404
2023-07-06,-46.0,-8.77001953125,2.0,0.3800048828125284,14.18000030517578,0.0900000000000003,0.0,76.47,0.06095000000000006,0.0,0.005692079338212158
2023-07-07,67.0,-35.22998046875,0.01000213623046875,-0.20000457763671875,15.4399995803833,0.09999999999999964,0.0,-96.50999999999999,0.01049999999999951,0.0,-0.00606691889371974
2023-07-10,112.2998046875,-12.6396484375,2.05999755859375,-0.9000015258789205,14.829999923706056,0.009999999999999787,0.0,52.76,-0.11111000000000004,0.0,0.002168300494623442
2023-07-11,-61.2998046875,10.57958984375,-0.8700027465820312,-0.29999542236328125,15.06999969482422,-0.04999999999999982,-0.009999999999999787,-54.35,0.0853299999999999,0.0,0.009740752310541567
2023-07-12,88.0,29.72998046875,1.8400039672851562,-0.23999786376953125,14.84000015258789,-0.019999999999999574,0.009999999999999787,-1.3599999999999994,-0.029910000000000103,0.0,0.0016589560710236757
2023-07-13,-59.2001953125,32.900390625,0.9199981689453125,-1.2100067138671875,13.539999961853027,-0.13000000000000034,0.0,51.4,0.012170000000000236,0.0,0.00029429346261351634
2023-07-14,-228.7998046875,37.8798828125,1.1399993896484375,-0.75,13.609999656677246,-0.10000000000000009,0.0,-13.269999999999996,-0.07535000000000025,0.0,0.008678390882256394
2023-07-17,26.0,-4.6201171875,-1.470001220703125,0.14000701904296875,13.34000015258789,0.07000000000000028,0.0,130.7,0.05833000000000066,0.0,-0.0003534664954904179
2023-07-18,-3.0,17.3701171875,-1.2699966430664062,-0.07000732421875,13.479999542236328,-0.020000000000000018,0.0,-50.70000000000002,-0.0056200000000004025,0.0,-0.005393892274056722
2023-07-20,31.5,32.18994140625,1.5999984741210938,0.10000610351561079,13.300000190734863,-0.010000000000000231,0.0,-51.739999999999995,-0.057010000000000005,0.0,0.004963478392325265
2023-07-21,9.5,-20.10986328125,-0.12000274658203125,0.9399948120117188,13.989999771118164,0.050000000000000266,0.0,155.97000000000003,0.016760000000000552,0.0,0.0024172880714719465
2023-07-24,59.5,1.4697265625,1.44000244140625,0.1900024414062642,13.600000381469728,-0.010000000000000231,0.0,-179.4,-0.031649999999999956,0.0,0.002698691252239689
2023-07-25,-33.5,18.30029296875,1.6699981689453125,0.279998779296875,13.90999984741211,0.020000000000000018,0.0,24.89,0.055289999999999395,0.0,0.002651054554453419
2023-07-26,3.5,12.81982421875,0.8899993896484375,0.0,13.859999656677246,0.050000000000000266,0.0,-67.91,-0.09457999999999966,0.0,0.0044090499376846365
2023-07-27,10.5,-0.7099609375,-0.8499984741210938,-0.45999908447265625,13.1899995803833,-0.050000000000000266,0.0,182.75,0.04624000000000006,0.0,-0.00745629157364417
2023-07-28,-25.0,-29.33984375,1.30999755859375,0.8799972534179688,14.40999984741211,0.1499999999999999,0.25,-125.17999999999999,-0.001840000000000508,0.0,0.0005170576583509328
2023-07-31,88.0,44.81982421875,0.4900054931640625,-0.1499938964843608,13.329999923706056,-0.04999999999999982,0.0,-12.980000000000004,0.00912999999999986,0.0,0.004501139978282089
2023-08-01,-7.0,6.72998046875,1.220001220703125,0.23999786376951704,13.630000114440918,0.010000000000000231,0.0,-1.1599999999999966,0.12365000000000048,0.0,-0.006493475386667915
2023-08-02,16.0,-12.22998046875,-0.43000030517578125,0.4400024414062358,13.93000030517578,0.07999999999999963,0.0,70.6,-0.09067000000000025,0.0,-0.004655610546543402
2023-08-03,27.0,-63.33984375,-1.8800048828125,0.2899932861328267,16.09000015258789,0.03000000000000025,0.0,-30.19999999999999,0.022540000000000227,0.0,0.006335903031314596
2023-08-04,89.0,-11.5,2.0600051879882812,-0.04999542236328125,15.920000076293944,0.1200000000000001,0.0,-59.38,-0.009909999999999641,0.0,-0.006579271526041933
2023-08-07,-59.0,-23.8603515625,1.2699966430664062,-0.5200042724609375,17.100000381469727,-0.15000000000000036,0.0,-1.6300000000000026,-0.02757000000000076,0.0,0.004880118355724085
2023-08-08,2.0,40.41015625,-0.8799972534179688,0.03000640869139204,15.770000457763672,0.040000000000000036,0.0,-1.2800000000000011,0.10444000000000031,0.0,-0.0025522360603759914
2023-08-09,69.0,-19.06005859375,0.9799957275390625,0.4799957275390767,15.989999771118164,-0.07000000000000028,0.0,-9.409999999999997,-0.03636999999999979,0.0,0.0009165982287460534
2023-08-10,-24.7998046875,-31.669921875,1.4800033569335938,-0.04000091552735796,15.960000038146973,-0.019999999999999574,0.0,27.36,-0.025820000000000398,0.0,0.0026385185309727426
2023-08-11,-0.2001953125,1.1201171875,-1.5800018310546875,0.02999877929688921,15.850000381469728,0.08999999999999986,0.0,-30.509999999999998,0.007369999999999877,0.0,-0.0019308259731092956
2023-08-14,52.0,-4.7802734375,0.37000274658203125,0.31999969482421875,14.84000015258789,0.07000000000000028,0.0,123.56,-0.028419999999999668,0.0,0.004378910659382963
2023-08-15,58.0,25.67041015625,-0.6800003051757812,0.3500061035156108,14.81999969482422,0.03000000000000025,0.0,66.22999999999999,0.0546300000000004,0.0,0.0007130708298806725
2023-08-16,30.0,-51.8603515625,-1.5200042724609375,0.01999664306642046,16.459999084472656,0.019999999999999574,0.0,-183.2,-0.06876000000000015,0.0,-0.002108189640182747
2023-08-18,-35.5,-33.52978515625,-1.6100006103515625,0.20999908447267046,16.780000686645508,0.07000000000000028,0.0,75.22000000000001,0.05013000000000023,0.0,-0.005904762420605705
2023-08-21,51.0,-34.6201171875,1.8700027465820312,-0.04000091552737217,17.299999237060547,-0.020000000000000462,0.0,-91.62,-0.10276000000000085,0.0,0.0008919012886052019
2023-08-22,-84.5,30.06005859375,-0.529998779296875,-0.04999542236328125,17.1299991607666,0.08000000000000007,0.0,93.20999999999998,0.14944000000000024,0.0,0.007316129555717963
2023-08-23,40.900390625,-12.22021484375,-0.37000274658203125,0.22999572753909092,16.969999313354492,0.0,0.0,-77.44999999999999,-0.04031999999999947,0.0,0.0007168682186259683
2023-08-24,-1.900390625,48.4599609375,-1.4599990844726562,-0.1999969482422017,15.979999542236328,-0.14999999999999947,0.0,88.52000000000001,-0.06257000000000001,0.0,-0.0031862238734796855
2023-08-25,-22.900390625,-59.69970703125,0.160003662109375,0.6200027465820312,17.200000762939453,0.040000000000000036,0.0,-64.74000000000001,0.060389999999999944,0.0,-0.0005725648576547174
2023-08-28,-55.099609375,29.39990234375,0.779998779296875,0.09999847412107954,15.68000030517578,0.019999999999999574,0.0,60.879999999999995,-0.04674000000000067,0.0,0.003804572360461415
2023-08-29,49.0,27.60009765625,0.26999664306640625,-0.02000427246090908,15.079999923706056,-0.04999999999999982,0.0,-67.22,0.06591000000000058,0.0,0.005203044820030383
2023-08-30,-32.5,64.31982421875,1.0600051879882812,-0.5099945068359659,14.449999809265137,-0.08000000000000007,0.0,-0.9299999999999926,-0.0829500000000003,0.0,0.0012669478743369412
2023-08-31,-59.0,17.240234375,0.46999359130859375,-0.3899993896484233,13.880000114440918,0.0,0.0,-2.260000000000005,-0.022059999999999746,0.0,-0.001924724356690523
2023-09-01,19.5,-7.2099609375,2.0,0.45999908447267046,13.56999969482422,-0.03000000000000025,0.0,100.19999999999999,0.005049999999999777,0.0,0.003502149054564853
2023-09-04,15.0,8.10986328125,1.9200057983398438,0.6199951171874716,13.09000015258789,0.08999999999999986,0.0,-109.75999999999999,-0.035639999999999894,0.0,0.002733025831266854
2023-09-05,2.0,0.0,0.0,0.0,13.09000015258789,0.0,0.0,-16.090000000000003,0.08148999999999962,0.0,-0.0007208789422007872
2023-09-06,-6.0,-18.93994140625,1.1399993896484375,0.5699996948242472,14.010000228881836,0.08999999999999986,0.0,25.1,-0.019919999999999938,0.0,0.0006069802917767355
2023-09-07,71.0,-31.35009765625,0.8499984741210938,0.05000305175779829,14.449999809265137,0.03000000000000025,0.0,-25.369999999999997,0.03512000000000004,0.0,-0.005898622756218883
2023-09-08,38.0,-14.33984375,-0.6699981689453125,0.1999969482422017,14.399999618530272,-0.03000000000000025,0.0,54.63999999999999,-0.008960000000000079,0.0,-0.004326982530064746
2023-09-11,6.0,6.35009765625,0.6399993896484375,0.02999877929686079,13.84000015258789,-0.009999999999999787,0.0,-58.61,-0.11509999999999998,0.0,0.005560613502951661
2023-09-12,-24.0,29.9697265625,-0.220001220703125,-0.5199966430664062,13.800000190734863,0.03000000000000025,0.0,45.13000000000001,0.14678000000000058,0.0,-0.004234454200081176
2023-09-13,21.099609375,-25.56005859375,1.5499954223632812,0.1399993896484375,14.229999542236328,-0.020000000000000462,0.0,17.529999999999987,-0.06321000000000065,0.0,0.00021728856626607821
2023-09-14,11.1005859375,5.5400390625,-0.31999969482421875,0.05999755859375,13.479999542236328,-0.019999999999999574,0.0,33.2,-0.031609999999999694,0.0,0.003433938083808892
2023-09-15,2.7998046875,37.66015625,1.6400070190429688,0.6400070190429688,12.81999969482422,0.040000000000000036,0.0,-21.22,0.03249000000000013,0.0,0.0033650582807688723
2023-09-18,42.0,-54.7802734375,0.6099929809570312,-0.09000396728515625,13.789999961853027,0.040000000000000036,0.0,-48.0,0.012950000000000017,0.0,-0.006711488739725086
2023-09-19,-49.0,3.2099609375,0.7100067138671875,-0.12000274658201704,14.0,-0.009999999999999787,0.0,0.13000000000000256,0.026029999999999553,0.0,0.00635766863114187
2023-09-20,31.0,-9.57958984375,-0.28000640869139204,0.0,14.109999656677246,0.04999999999999982,0.0,82.9,-0.009689999999999976,0.0,0.0044826185959823414
2023-09-21,7.5,-41.75,-0.9199981689453267,-0.03999328613282671,15.140000343322754,-0.020000000000000462,0.0,-63.86,-0.05412999999999979,0.0,-0.002887257573468487
2023-09-22,-23.5,-72.2001953125,-0.6500015258789062,0.1999969482421875,17.540000915527344,0.14000000000000057,0.0,23.629999999999995,0.06259000000000015,0.0,0.003623341520548584
2023-09-25,39.5,-9.93994140625,0.40000152587890625,0.2200012207031108,17.200000762939453,-0.04999999999999982,0.0,-63.69,-0.09593000000000007,0.0,-0.0026347617621002694
2023-09-26,-32.5,17.3798828125,-0.34999847412109375,0.4199981689453267,16.899999618530273,0.10999999999999943,0.0,-28.11,0.09834999999999994,0.0,-0.01071409284605685
2023-09-27,37.0,-63.91015625,0.7099990844726562,0.23000335693359375,18.940000534057617,0.009999999999999787,0.0,128.78,0.012109999999999843,0.0,0.002024051600996426
2023-09-29,88.0,0.97998046875,3.2900009155273438,0.43999481201173296,18.21999931335449,0.05000000000000071,0.0,6.569999999999993,-0.02845999999999993,0.0,0.0002974501325888065
2023-10-02,-19.0,13.5400390625,-2.8899993896484375,-0.5,17.520000457763672,-0.020000000000000462,0.0,-13.95999999999998,0.01566000000000045,0.0,0.00310285118610062
2023-10-03,-26.0,0.34033203125,-1.970001220703125,0.7300033569335795,17.610000610351562,0.10000000000000053,0.0,-59.05000000000001,-0.030829999999999913,0.0,-0.002959470592270582
2023-10-04,68.0,-58.93994140625,0.410003662109375,0.09999847412109375,19.780000686645508,0.11999999999999922,0.0,23.370000000000005,0.0043400000000000105,0.0,-0.00785557162036501
2023-10-05,106.0,34.2998046875,-5.010002136230469,-0.1999969482422017,18.57999992370605,-0.07999999999999918,0.0,81.54999999999998,-0.008460000000000356,0.0,-0.001707675215344291
2023-10-06,-31.0,-5.56005859375,-1.910003662109375,-0.470001220703125,18.489999771118164,-0.010000000000000675,0.0,-133.95999999999998,0.052690000000000126,0.0,0.0019896180478973084
2023-10-09,40.0,50.31005859375,0.48000335693359375,-0.29000091552732954,17.450000762939453,0.0600000000000005,0.0,47.46999999999999,-0.06808000000000014,0.0,0.0004262724944988728
2023-10-10,-28.0,27.16015625,3.589996337890625,0.04000091552732954,17.700000762939453,0.0,0.0,168.67000000000002,0.06332999999999966,0.0,0.00444965324734273
2023-10-11,88.400390625,22.580078125,-0.40999603271484375,-0.25,17.030000686645508,-0.1200000000000001,0.0,-120.85999999999999,-0.02796999999999983,0.0,0.001380826290895809
2023-10-12,27.099609375,18.7099609375,-2.4800033569335938,-0.01000213623045454,16.09000015258789,-0.08000000000000007,0.0,49.5,-0.041979999999999684,0.0,0.0004900804582857039
2023-10-13,-25.5,-27.34033203125,-0.5799942016601562,0.75,16.690000534057617,0.1200000000000001,0.0,-3.0600000000000023,-0.03439000000000014,0.0,-0.0012077819418479946
2023-10-16,46.0,-21.830078125,4.779998779296875,0.0800018310546875,19.31999969482422,-0.07000000000000028,0.0,-130.95000000000002,-0.030689999999999884,0.0,-0.004411153019598498
2023-10-17,-63.0,45.85009765625,-1.029998779296875,-0.4100036621093892,17.209999084472656,0.08000000000000007,0.0,77.54000000000002,0.1325599999999998,0.0,0.006262456529502706
2023-10-18,-1.0,-0.4296875,0.0,0.01000213623048296,17.8799991607666,0.1200000000000001,0.0,-38.500000000000014,0.0031200000000000117,0.0,-0.0016887626047107362
2023-10-19,53.2001953125,-58.60009765625,1.6599960327148438,0.31999969482421875,19.21999931335449,0.08000000000000007,0.0,-7.469999999999999,-0.0009100000000001884,0.0,-0.01183069366756667
2023-10-20,78.7998046875,-36.60009765625,1.0500030517578125,-0.31999969482421875,21.399999618530277,0.07000000000000028,0.0,189.32,0.030710000000000015,0.25,0.00040030550389888507
2023-10-23,49.0,-53.83984375,-0.6200027465820312,-0.089996337890625,21.709999084472656,-0.05000000000000071,0.0,7.840000000000032,0.11409000000000002,0.0,-0.015775923044263025
2023-10-24,12.0,-7.1201171875,-3.2600021362304688,-0.6200027465820312,20.3700008392334,-0.0699999999999994,0.0,-136.62,0.05428000000000033,0.0,0.009565302826033155
2023-10-25,6.0,30.64013671875,-1.75,0.7299957275390625,18.96999931335449,-0.03000000000000025,0.0,-71.0,-0.01438000000000006,0.0,0.0040503936310347065
2023-10-26,-6.0,-60.91015625,1.6500015258789062,0.26000213623046875,20.190000534057617,0.1200000000000001,0.0,44.33999999999999,-0.0041399999999995885,0.0,-0.017694750762088176
2023-10-27,9.5,-49.5400390625,-2.1800003051757812,0.06999969482421875,20.68000030517578,-0.08999999999999986,0.0,-86.3,0.01913999999999927,0.0,0.006572116062013726
2023-10-30,42.5,-19.85986328125,2.3300018310546875,-0.04000091552732954,21.270000457763672,-0.020000000000000462,0.0,52.260000000000005,-0.0609699999999993,0.0,-0.003394062298008894
2023-10-31,-16.5,49.44970703125,-3.2300033569335938,-0.43999481201171875,19.75,0.040000000000000036,0.0,73.92,0.037319999999999354,0.0,0.0024197406537601134
2023-11-01,-60.5,26.97998046875,-1.2900009155273438,0.5400009155273295,18.13999938964844,0.0,0.0,-121.71000000000001,0.030100000000000016,0.0,-0.016393948427852943
2023-11-02,-94.2998046875,44.06005859375,-0.5799942016601562,0.21999359130857954,16.8700008392334,-0.11000000000000032,0.0,89.63,-0.01424000000000003,0.0,0.016271802154972224
2023-11-03,151.2998046875,79.919921875,2.0199966430664062,-0.7599945068359091,15.65999984741211,-0.09999999999999964,0.0,-73.86999999999999,0.008939999999999948,0.0,0.00553372361920776
2023-11-06,-62.0,40.56005859375,-1.9499969482421875,-1.1000061035156392,14.90999984741211,-0.09999999999999964,0.0,13.879999999999995,-0.025599999999999845,0.0,0.013167867603843036
2023-11-07,-255.900390625,7.64013671875,0.30999755859375,0.20000457763671875,14.890000343322754,0.09999999999999964,0.0,270.86,0.03141999999999978,0.0,-0.005107765043046044
2023-11-08,-12.099609375,12.39990234375,-3.4499969482421875,0.31999969482421875,14.8100004196167,-0.08999999999999986,0.0,-220.29,-0.014359999999999928,0.0,-0.005815430288004615
2023-11-09,73.599609375,4.39990234375,-2.0400009155273438,0.04999542236328125,14.449999809265137,-0.08999999999999986,0.0,-3.25,0.024110000000000298,0.0,0.005003104620600206
2023-11-10,-27.599609375,-35.4296875,0.40999603271484375,0.32000732421875,15.289999961853027,0.1299999999999999,0.0,23.370000000000005,-0.027929999999999566,0.0,-0.0042454337228317405
2023-11-13,97.7001953125,67.89013671875,1.4300003051757812,-0.0500030517578125,14.170000076293944,-0.009999999999999787,0.0,-14.750000000000014,-0.008710000000000662,0.0,0.004257001200283528
2023-11-14,-30.7001953125,-3.6904296875,1.0900039672851562,-0.1999969482421875,14.760000228881836,0.019999999999999574,0.0,-11.75,0.02306000000000008,0.0,0.0034660659101541816
2023-11-15,-16.0,84.150390625,0.0,-1.5500030517578125,14.15999984741211,-0.1899999999999995,0.0,82.23,-0.0176400000000001,0.0,0.013914564836229866
2023-11-16,-386.0,7.1796875,-1.5999984741210938,0.279998779296875,14.18000030517578,0.08999999999999986,0.0,-129.62,0.03978999999999999,0.0,-2.835047531441136e-05
2023-11-17,206.7998046875,5.3603515625,-3.7600021362304688,-0.01999664306639204,14.31999969482422,-0.08000000000000007,0.0,80.41,-0.0022399999999995757,0.0,0.002821559514128564
2023-11-20,-12.7998046875,5.77978515625,2.9899978637695312,-0.5500030517578267,13.800000190734863,-0.009999999999999787,0.0,19.350000000000023,-0.01578999999999997,0.0,0.00246486374783877
2023-11-21,-75.599609375,33.35986328125,1.7099990844726562,-0.34999847412109375,13.40999984741211,-0.020000000000000462,0.0,-125.68,0.04701999999999984,0.0,-0.004742992000118194
2023-11-22,-17.30078125,-9.18994140625,0.1699981689453125,0.1199951171875,13.350000381469728,-0.009999999999999787,0.0,252.53,0.0013899999999997803,0.0,-0.007908027308751594
2023-11-23,119.2001953125,18.43017578125,-0.6699981689453125,0.3300018310547017,12.850000381469728,0.009999999999999787,0.0,-229.48000000000002,-0.016319999999999446,0.0,0.014001958537632357
2023-11-24,111.5,0.0,0.0,0.0,12.850000381469728,0.0,0.0,-50.510000000000005,-0.01735000000000042,0.0,0.0007544784841829445
2023-11-27,-117.7998046875,2.7197265625,-1.55999755859375,-0.5199966430664205,12.460000038146973,0.04999999999999982,0.0,79.2,-0.06332999999999966,0.0,0.0005383858770296626
2023-11-28,65.0,-8.90966796875,-0.6800003051757812,-0.20000457763670454,12.6899995803833,-0.08000000000000007,0.0,-5.560000000000002,0.0821499999999995,0.0,0.003937181335776875
2023-11-29,-93.5,4.4599609375,1.5500030517578125,-0.4499969482422017,12.6899995803833,-0.04999999999999982,0.0,12.75,0.039670000000000094,0.0,-0.0007084281599690843
2023-11-30,-207.5,-4.31005859375,1.4499969482421875,0.01999664306640625,12.979999542236328,-0.07000000000000028,0.0,-18.069999999999993,-0.004329999999999501,0.0,0.006326413471161136
2023-12-01,148.0,17.2197265625,-1.9000015258789062,0.7300033569335938,12.920000076293944,0.10000000000000053,0.0,63.959999999999994,0.00849999999999973,0.0,-0.002946889818723937
2023-12-04,142.2998046875,26.830078125,-1.8899993896484375,-0.23000335693359375,12.630000114440918,-0.15000000000000036,0.0,-109.35,-0.11106000000000016,0.0,0.004761279632885563
2023-12-05,-111.8994140625,-24.85009765625,-1.029998779296875,0.37000274658203125,13.079999923706056,0.0600000000000005,0.0,12.82,0.1110199999999999,0.0,0.001022213731249471
2023-12-06,82.5,-2.599609375,-0.720001220703125,0.4100036621093608,12.850000381469728,-0.10000000000000053,0.0,276.98,0.016460000000000363,0.0,-0.0018973396966325792
2023-12-07,-62.900390625,-17.84033203125,-2.94000244140625,0.09999847412110796,12.970000267028809,-0.05999999999999961,0.0,-240.05,-0.07173000000000052,0.0,0.006641561095868836
2023-12-08,23.0,36.25,-0.04000091552734375,-0.6100006103515625,13.0600004196167,0.019999999999999574,0.0,-14.469999999999999,-0.00354999999999972,0.0,0.003494436351059317
2023-12-11,20.0,18.7802734375,1.8900070190429688,0.4700012207031392,12.350000381469728,0.09000000000000075,0.0,-8.980000000000004,-0.03646999999999956,0.0,-0.009939874555434146
2023-12-12,60.2001953125,18.06982421875,0.089996337890625,0.08999633789061079,12.630000114440918,0.0,0.0,52.34,0.04303999999999952,0.0,0.00513885126050719
2023-12-13,86.7998046875,21.26025390625,-2.7099990844726562,-0.2299957275390483,12.06999969482422,-0.03000000000000025,0.0,-80.06,0.02523000000000053,0.0,-0.007037216185712222
2023-12-14,-78.0,63.3896484375,0.8600006103515625,-1.0,12.1899995803833,-0.16000000000000014,0.0,58.83,-0.0727600000000006,0.0,0.014128755343128303
2023-12-15,-294.0,12.4599609375,2.1100006103515625,-0.9100036621093892,12.479999542236328,-0.1200000000000001,0.0,-5.849999999999994,0.03204000000000029,0.0,0.0020841763814756034
2023-12-18,193.0,-0.35986328125,-0.15000152587890625,0.590003967285142,12.279999732971191,-0.009999999999999787,0.0,-28.53000000000001,-0.024869999999999948,0.0,-0.00998755057736621
2023-12-19,-185.2001953125,21.3701171875,1.0400009155273438,-0.04000091552731533,12.5600004196167,0.040000000000000036,0.0,203.35,0.08011999999999997,0.0,0.009550574725791147
2023-12-20,171.6005859375,27.81005859375,0.970001220703125,-0.34000396728515625,12.529999732971191,-0.020000000000000018,0.0,367.62,-0.02350999999999992,0.0,0.004417258150912556
2023-12-21,0.599609375,-70.02001953125,0.779998779296875,0.2400054931640483,13.670000076293944,-0.07000000000000028,0.0,-562.88,-0.041090000000000515,0.0,-0.0013927027427554192
2023-12-22,63.0,48.39990234375,-0.3300018310546875,-0.57000732421875,13.649999618530272,0.03000000000000025,0.0,26.5,0.05653000000000041,0.0,0.0038623479159394553
2023-12-27,-78.0,7.8798828125,-0.3300018310546875,-0.1399993896484233,13.029999732971191,0.009999999999999787,0.0,-43.96999999999999,-0.020520000000000316,0.0,0.001159527910760582
2023-12-28,-40.0,26.9501953125,0.5500030517578125,-0.7099990844726847,12.43000030517578,-0.10999999999999988,0.0,93.69999999999999,-0.0013800000000001589,0.0,0.00796883228875068
2023-12-29,-27.0,1.77001953125,-2.3400039672851562,0.2400054931640767,12.470000267028809,0.04999999999999982,0.0,22.870000000000005,-0.052649999999999864,0.0,-0.004265902105797355
2024-01-02,52.0,-13.52001953125,-0.1199951171875,0.09999847412107954,12.449999809265137,0.040000000000000036,0.0,-61.040000000000006,0.05325999999999986,0.0,0.006959424739710897
2024-01-03,-42.0,-27.0,-1.2700042724609375,0.8699951171875284,13.199999809265137,0.07000000000000028,0.0,31.019999999999996,-0.06393000000000004,0.0,-0.006094389792114431
2024-01-04,115.0,-38.02001953125,2.3199996948242188,0.26000213623045454,14.039999961853027,-0.040000000000000036,0.0,23.890000000000015,-0.021560000000000024,0.0,0.011021788991155806
2024-01-05,57.0,-16.1298828125,-0.5099945068359375,-0.04000091552732954,14.130000114440918,0.08000000000000007,0.0,-43.610000000000014,0.011990000000000833,0.0,-0.001243209584216654
2024-01-08,-44.0,8.56005859375,1.6199951171875,-0.00999450683595171,13.350000381469728,0.05999999999999961,0.0,-12.36,-0.0054600000000002424,0.0,-0.009162706580228384
2024-01-09,-33.5,66.2998046875,-3.0400009155273438,-0.20000457763671875,13.079999923706056,-0.040000000000000036,0.0,47.07000000000001,0.0720799999999997,0.0,-0.011512602486903457
2024-01-10,18.0,-7.0400390625,1.470001220703125,0.3600006103515625,12.760000228881836,0.009999999999999787,0.0,872.8200000000002,-0.05192999999999959,0.0,0.0037558526216827904
2024-01-11,39.0,26.9501953125,-0.8699951171875,-0.20999908447265625,12.6899995803833,0.020000000000000462,0.0,-952.7800000000001,0.005529999999999369,0.0,-0.0010151417037579935
2024-01-12,20.5,-3.2099609375,0.649993896484375,-0.06999969482421875,12.4399995803833,-0.06000000000000005,0.0,-16.599999999999994,-0.006229999999999514,0.0,0.0029284533729431175
2024-01-15,1.5,3.58984375,0.660003662109375,0.1100006103515625,12.699999809265137,-0.020000000000000018,0.0,19.849999999999994,-0.07122000000000028,0.0,-0.002369450422742057
2024-01-16,-53.2998046875,0.0,0.0,0.0,12.699999809265137,0.0,0.0,3.240000000000009,0.08950999999999976,0.0,0.002597140880269445
2024-01-17,42.7998046875,-17.85009765625,-0.279998779296875,0.9599990844726562,13.84000015258789,0.11000000000000032,0.0,168.29999999999998,-0.032119999999999926,0.0,-0.005836908149675325
2024-01-18,79.0,-26.77001953125,0.15999603271484375,0.08999633789063921,14.789999961853027,0.02999999999999936,0.0,-178.43,-0.009030000000000094,0.0,0.007241414495359766
2024-01-19,-1.0,41.72998046875,1.5200042724609375,0.09000396728514204,14.130000114440918,0.040000000000000036,0.0,51.45,0.014920000000000044,0.0,-0.003530983026974595
2024-01-22,-10.900390625,58.8701171875,-0.6699981689453125,-0.25,13.300000190734863,0.010000000000000675,0.0,25.950000000000017,-0.03126999999999924,0.0,0.002836050139764794
2024-01-23,-12.099609375,10.6201171875,1.779998779296875,0.04000091552732954,13.1899995803833,-0.040000000000000036,0.0,28.189999999999998,0.07179999999999964,0.0,0.001144607304870345
2024-01-24,54.5,14.169921875,-0.8199996948242188,0.29000091552737217,12.550000190734863,0.02999999999999936,0.0,-103.93,-0.07127000000000017,0.0,-0.0039223551053741154
2024-01-25,59.5,3.94970703125,0.7199935913085938,-0.3800048828125284,13.140000343322754,0.040000000000000036,0.0,20.299999999999997,0.03300000000000036,0.0,-0.006911275004040455
2024-01-26,-0.5,25.6103515625,2.2700042724609375,0.3300018310547017,13.449999809265137,-0.040000000000000036,0.0,22.64999999999999,-0.01829000000000036,0.0,-0.0057218081332171536
2024-01-29,93.5,-3.18994140625,0.6500015258789062,-0.09999847412109375,13.260000228881836,0.010000000000000675,0.0,-29.279999999999987,-0.021250000000000213,0.0,0.002810488055607692
2024-01-30,-40.400390625,36.9599609375,-1.2300033569335938,0.1399993896484375,13.600000381469728,-0.07000000000000028,0.0,127.29,0.07591999999999999,0.0,0.004883982350794613
2024-01-31,60.400390625,-2.9599609375,1.0400009155273438,-0.20999908447265625,13.3100004196167,-0.020000000000000462,0.0,-68.31,-0.06982999999999961,0.0,0.002184018437117337
2024-02-01,-43.0,-79.3203125,-1.970001220703125,-0.1300048828125,14.350000381469728,-0.0699999999999994,0.0,-62.510000000000005,0.021950000000000358,0.0,-0.000866797366291663
2024-02-02,-16.0,60.5400390625,-2.029998779296875,-0.21999359130860796,13.880000114440918,-0.1200000000000001,0.0,16.22999999999999,0.03241999999999923,0.0,0.005136870044262241
2024-02-05,-43.0,52.419921875,-1.5400009155273438,0.8699951171875284,13.850000381469728,0.16000000000000014,0.0,-42.849999999999994,-0.012589999999999435,0.0,-0.005564717254745707
2024-02-06,1.2001953125,-15.7998046875,0.5,0.529998779296875,13.670000076293944,0.13999999999999968,0.0,154.45999999999998,0.09342000000000006,0.0,0.006755236762467124
2024-02-07,-15.7001953125,11.419921875,0.529998779296875,-0.26999664306642046,13.0600004196167,-0.08000000000000007,0.0,-100.25,0.015889999999999738,0.0,-0.0016925668573296718
2024-02-12,21.5,40.830078125,0.5500030517578125,-0.1399993896484375,12.829999923706056,0.0,0.0,69.22,0.17051000000000016,0.0,0.008603625729498953
2024-02-13,-135.0,26.77978515625,3.05999755859375,0.12999725341798296,13.93000030517578,0.08000000000000007,0.0,36.610000000000014,-0.17484000000000055,0.0,-0.01212191702127914
2024-02-15,-18.5,-68.669921875,0.9500045776367188,0.7900009155273295,15.850000381469728,0.13999999999999968,0.0,-31.960000000000008,-0.00925999999999938,0.0,0.012890609030385514
2024-02-16,-26.400390625,76.56005859375,0.15999603271484375,-0.659996032714858,14.010000228881836,-0.0699999999999994,0.0,-100.19,-0.014520000000000088,0.0,0.004408032870488049
2024-02-19,118.900390625,-24.16015625,1.160003662109375,-0.02000427246092329,14.239999771118164,0.05999999999999961,0.0,-24.71,-0.050370000000000026,0.0,-0.005309213887884441
2024-02-20,-43.400390625,0.0,0.0,0.0,14.239999771118164,0.0,0.0,30.449999999999996,0.06679999999999975,0.0,0.007631652678270972
2024-02-21,5.400390625,-30.06005859375,-1.0100021362304688,-0.1999969482422017,15.420000076293944,-0.03000000000000025,0.0,61.17999999999999,0.04241000000000028,0.0,-0.0004870317273351505
2024-02-22,27.0,6.2900390625,-0.26999664306640625,-0.06999969482419033,15.34000015258789,0.05000000000000071,0.0,-38.42999999999999,0.0106799999999998,0.0,-0.0012778250261039957
2024-02-23,-19.0,105.22998046875,0.6999969482421875,-0.05000305175782671,14.539999961853027,0.009999999999999787,0.0,-41.22999999999999,-0.02259000000000011,0.0,-0.00608704755802544
2024-02-26,-54.0,1.77001953125,-2.1200027465820312,-0.01999664306642046,13.75,-0.07000000000000028,0.0,46.81999999999999,-0.1602199999999998,0.0,-0.0015463389737128594
2024-02-27,-1.900390625,-19.27001953125,1.0900039672851562,-0.1100006103515625,13.739999771118164,0.020000000000000462,0.0,50.66000000000001,0.1636300000000004,0.0,0.00020504330866010572
2024-02-28,52.400390625,8.650390625,1.2900009155273438,0.0,13.43000030517578,0.02999999999999936,0.0,-50.38000000000001,-0.06723000000000035,0.0,0.005928507152901186
2024-02-29,14.5,-8.42041015625,-0.3300018310546875,0.15000152587892046,13.84000015258789,-0.040000000000000036,0.0,25.799999999999997,-0.04682999999999993,0.0,-0.0017105646985917323
2024-03-01,59.2001953125,26.51025390625,-0.279998779296875,0.18000030517578125,13.399999618530272,-0.019999999999999574,0.0,-37.33,-0.053910000000000124,0.0,-0.0005747345098807433
2024-03-04,-8.2001953125,40.81005859375,1.7099990844726562,-0.3000030517578125,13.109999656677246,-0.05999999999999961,0.0,-47.269999999999996,0.049739999999999895,0.0,-0.004819946482859245
2024-03-05,-12.099609375,-6.1298828125,-1.2300033569335938,-0.02999877929688921,13.489999771118164,0.02999999999999936,0.0,126.72,0.11326999999999998,0.0,-0.004033142491051165
2024-03-06,74.099609375,-52.30029296875,-0.589996337890625,-0.029998779296875,14.460000038146973,-0.08999999999999986,0.0,-87.06,-0.03155999999999981,0.0,0.01129727971805884
2024-03-07,-14.5,26.10986328125,0.9799957275390625,-0.43000030517575283,14.5,-0.019999999999999574,0.0,9.680000000000007,0.011339999999999684,0.0,0.006007062788980163
2024-03-08,-83.5,52.60009765625,-0.1999969482421875,-0.5500030517578267,14.4399995803833,-0.020000000000000462,0.0,-51.220000000000006,-0.02660000000000018,0.0,0.0010766372370464258
2024-03-13,-47.0,-33.669921875,-0.9199981689453125,-0.08000183105470171,14.739999771118164,0.0,0.0,-20.050000000000004,0.10705000000000009,0.0,0.005309679616549793
2024-03-14,-75.0,41.6201171875,1.7099990844726562,0.05000305175782671,13.75,0.10000000000000053,0.0,122.5,-0.03617999999999988,0.0,0.0016301989198958965
2024-03-15,28.0,-14.830078125,1.5400009155273438,0.5699996948242188,14.399999618530272,0.09999999999999964,0.0,-89.47999999999999,0.004550000000000054,0.0,-0.014261892018546645
2024-03-18,56.0,-33.39013671875,-0.220001220703125,0.06999969482421875,14.40999984741211,0.019999999999999574,0.0,111.85,-0.16324000000000005,0.0,-0.003500222224620729
2024-03-19,9.2998046875,32.330078125,1.6800003051757812,0.15000152587889204,14.329999923706056,0.03000000000000025,0.0,-41.28999999999999,0.04760000000000009,0.0,0.00468563155518415
2024-03-20,103.7001953125,29.08984375,0.75,0.22999572753909092,13.81999969482422,-0.040000000000000036,0.0,-48.280000000000015,0.008560000000000123,0.0,-0.0007660502576265533
2024-03-21,-25.0,46.1103515625,-1.7900009155273438,-0.3999938964843892,13.039999961853027,-0.03000000000000025,0.0,110.05,-0.0037599999999997635,0.0,0.000985051654061786
2024-03-22,-31.0,16.90966796875,-0.6100006103515625,0.589996337890625,12.920000076293944,0.0,0.0,-124.41999999999999,-0.007060000000000066,0.0,0.0016065393662369751
2024-03-25,36.5,-7.349609375,-0.44000244140625,0.43000030517578125,13.0600004196167,-0.04999999999999982,0.0,-4.540000000000006,-0.0811200000000003,0.0,0.003749064117627474
2024-03-26,79.099609375,-15.990234375,1.3199996948242188,-0.1999969482421875,13.1899995803833,0.03000000000000025,0.0,6.6200000000000045,0.10461999999999971,0.0,-0.0016408272569241218
2024-03-27,-18.599609375,-14.60986328125,-0.32999420166015625,0.05999755859375,13.239999771118164,-0.009999999999999787,0.0,5.8700000000000045,-0.07686999999999955,0.0,-0.007573379085136433
2024-03-28,44.0,44.91015625,-0.2700042724609375,0.05999755859375,12.779999732971191,-0.040000000000000036,0.0,12.36,0.03483999999999998,0.0,-0.002915126028392936
2024-04-01,49.0,5.85986328125,1.8199996948242188,0.20000457763670454,13.010000228881836,0.0,0.0,-38.59,0.06064000000000025,0.0,-0.011557004728638777
2024-04-02,-29.0,-10.580078125,0.5400009155273438,0.46999359130860796,13.649999618530272,0.1299999999999999,0.0,54.42999999999999,-0.0032700000000005502,0.0,0.004420828729744071
2024-04-03,97.7998046875,-37.9599609375,1.44000244140625,-0.1999969482421875,14.609999656677246,0.03000000000000025,0.0,-49.39999999999999,-0.011549999999999727,0.0,-0.009739105774445552
2024-04-04,9.2001953125,5.68017578125,0.279998779296875,-0.5699996948242188,14.329999923706056,0.0,0.0,22.679999999999993,-0.015710000000000335,0.0,0.012142609659681641
2024-04-05,-19.0,-64.2802734375,1.1599960327148438,-0.12999725341795454,16.350000381469727,-0.05000000000000071,0.0,-7.179999999999993,-0.024329999999999963,0.0,0.004467689568628707
2024-04-16,-31.5,57.1298828125,0.32000732421875,0.18000030517575283,16.030000686645508,0.08000000000000007,0.0,-13.939999999999998,0.33810000000000073,0.0,-0.016894580409386788
2024-04-17,170.5,-152.9296875,-1.5500030517578125,1.9599990844726847,18.399999618530277,0.28000000000000025,0.0,139.1,-0.23179000000000016,0.0,-0.0047519878261666525
2024-04-18,237.2001953125,-29.2001953125,-2.6699981689453125,-0.31000518798828125,18.209999084472656,-0.08000000000000007,0.0,-115.14,-0.04320000000000057,0.0,0.005032044902402472
2024-04-19,-66.2001953125,-11.08984375,0.04000091552734375,0.20000457763670454,18.0,0.04999999999999982,0.0,-16.86,-0.03343000000000007,0.0,-0.011154365754935315
2024-04-22,-26.0,-43.89013671875,0.40999603271484375,0.0,18.709999084472656,-0.019999999999999574,0.0,-3.450000000000003,-0.10848999999999975,0.0,-0.0019062134159891057
2024-04-23,-9.7001953125,43.3701171875,-0.29000091552734375,-0.06999969482423296,16.940000534057617,0.0,0.0,-6.029999999999994,0.1570499999999999,0.0,0.005215961304307916
2024-04-24,35.7001953125,59.94970703125,0.5100021362304688,-0.3899993896484375,15.6899995803833,-0.009999999999999787,0.0,-12.840000000000003,0.0028700000000005943,0.0,0.00892111910967215
2024-04-25,-105.7998046875,1.080078125,-0.5500030517578125,0.1699981689453267,15.970000267028809,0.040000000000000036,0.0,52.449999999999996,0.01962999999999937,0.25,-0.0026852060633146537
2024-04-26,79.7998046875,-23.2099609375,0.7600021362304688,-0.26000213623046875,15.369999885559082,0.04999999999999982,0.0,125.64000000000001,0.04689000000000032,0.0,-0.01680198062521109
2024-04-29,-18.0,51.5400390625,0.279998779296875,0.34000396728514204,15.029999732971191,-0.03000000000000025,0.0,-157.3,-0.02383000000000024,0.0,0.016870491798291243
2024-04-30,1.0,16.2099609375,-1.220001220703125,-0.3600006103515625,14.670000076293944,-0.040000000000000036,0.0,8.879999999999995,0.03185000000000038,0.0,0.010898329052819625
2024-05-02,43.0,-80.47998046875,-0.6999969482421875,0.6399993896484517,15.649999618530272,0.0600000000000005,0.0,31.53,0.06559000000000026,0.0,-0.01627335962866154
2024-05-03,-55.599609375,28.51025390625,-2.9800033569335938,-0.9199981689453267,14.68000030517578,-0.11000000000000032,0.0,-31.379999999999995,0.030819999999999403,0.0,0.0024276093369716236
2024-05-06,-93.400390625,63.58984375,-0.839996337890625,-0.2700042724609233,13.489999771118164,-0.08000000000000007,0.0,-24.78,-0.05135000000000023,0.0,0.00016341491775046844
2024-05-07,-20.0,52.9501953125,0.37000274658203125,0.02000427246092329,13.489999771118164,-0.009999999999999787,0.0,20.840000000000003,0.12466000000000044,0.0,-0.0017221251327518103
2024-05-08,-43.0,6.9599609375,-0.100006103515625,0.3600006103515767,13.229999542236328,-0.020000000000000462,0.0,-37.64,0.03176000000000023,0.0,-0.004899516995458928
2024-05-13,39.0,-0.0302734375,0.6100006103515625,0.1399993896484233,13.0,0.010000000000000675,0.0,-2.990000000000002,0.18839000000000006,0.0,0.001475369195030278
2024-05-14,-35.0,33.75,0.1300048828125,-0.3300018310546733,13.600000381469728,0.0,0.0,1.009999999999998,-0.09264000000000028,0.0,-0.002185436983106399
2024-05-15,83.0,25.26025390625,-1.100006103515625,-0.20999908447264204,13.420000076293944,-0.03000000000000025,0.0,98.25,-0.027930000000000454,0.0,0.01347056319176629
2024-05-16,-19.0,61.4697265625,0.6100006103515625,-0.6600036621093892,12.449999809265137,-0.08999999999999986,0.0,-38.78,-0.12349999999999994,0.0,0.009269760568385776
2024-05-17,-188.0,-11.0498046875,0.600006103515625,0.1100006103515625,12.420000076293944,0.019999999999999574,0.0,-41.239999999999995,-0.14412000000000003,0.0,0.009687292707333746
2024-05-20,16.7998046875,6.169921875,0.8299942016601562,-0.01000213623045454,11.989999771118164,0.040000000000000036,0.0,-0.8800000000000026,0.0002400000000006841,0.0,-0.00693188761469067
2024-05-21,27.2001953125,4.85986328125,-0.2599945068359375,0.12000274658201704,12.149999618530272,0.020000000000000462,0.0,38.24,0.14713999999999938,0.0,-0.011161165657312934
2024-05-22,73.0,13.2802734375,-0.5400009155273438,0.09000396728515625,11.859999656677246,-0.03000000000000025,0.0,-30.270000000000003,-0.11032999999999937,0.0,0.005044939876584361
2024-05-27,-26.0,-14.400390625,-1.69000244140625,0.2799987792968608,12.289999961853027,0.019999999999999574,0.0,-7.109999999999999,0.06806999999999963,0.0,-0.006384152090265509
2024-05-28,33.0,-2.28955078125,0.15000152587890625,-0.2200012207031108,11.93000030517578,0.03000000000000025,0.0,-2.6799999999999997,0.01081999999999983,0.0,0.01070083795366611
2024-05-29,33.0,1.31982421875,2.1100006103515625,-0.1100006103515625,12.920000076293944,0.08000000000000007,0.0,4.480000000000004,-0.1177899999999994,0.0,-0.015756629325806987
2024-05-30,46.0,-39.08984375,-0.5999984741210938,0.48999786376953125,14.279999732971191,0.07000000000000028,0.0,66.07,7.00000000000145e-05,0.0,-0.014969114932894457
2024-05-31,115.099609375,-31.47021484375,-1.3199996948242188,-0.37999725341796875,14.470000267028809,-0.0600000000000005,0.0,-30.239999999999995,0.029299999999999216,0.0,-0.009054942649474693
2024-06-03,-4.099609375,42.02978515625,-0.9200057983398438,-0.05000305175779829,12.920000076293944,-0.040000000000000036,0.0,-20.379999999999995,0.07063000000000041,0.0,0.009346169323121052
2024-06-04,15.0,5.89013671875,-2.7699966430664062,-0.5299987792968892,13.109999656677246,-0.09999999999999964,0.0,119.54999999999998,0.006850000000000023,0.0,0.008930918640131666
2024-06-05,-40.0,7.93994140625,-0.970001220703125,-0.029998779296875,13.15999984741211,-0.08000000000000007,0.0,-124.14999999999999,-0.06120999999999999,0.0,-0.021591539270347234
2024-06-06,73.0,62.68994140625,0.8199996948242188,0.15999603271484375,12.630000114440918,-0.040000000000000036,0.0,-32.48,-0.035499999999999865,0.0,0.003911216329082278
2024-06-07,39.0,-1.06982421875,1.4800033569335938,-0.1699981689453125,12.579999923706056,-0.009999999999999787,0.0,44.830000000000005,-0.04768000000000061,0.0,-0.0110932623278668
2024-06-10,-73.2998046875,-5.9697265625,-0.0200042724609375,0.7900009155273438,12.220000267028809,0.14999999999999947,0.0,-24.560000000000002,0.01069000000000031,0.0,0.003415128263719509
2024-06-11,28.2998046875,13.7998046875,2.2099990844726562,0.26000213623046875,12.739999771118164,0.040000000000000036,0.0,37.08,0.07232000000000038,0.0,-0.009560324286147519
2024-06-12,42.0,14.52978515625,0.160003662109375,0.0800018310546875,12.850000381469728,-0.08000000000000007,0.0,-33.35,-0.04455000000000009,0.0,-0.0008162610242491127
2024-06-13,-6.599609375,45.7099609375,0.5999984741210938,-0.5800018310546875,12.039999961853027,-0.08000000000000007,0.0,40.93,0.01698999999999984,0.0,-0.0027092053049573434
2024-06-14,-75.400390625,12.71044921875,0.12000274658203125,0.5499954223632955,11.9399995803833,-0.0699999999999994,0.0,-6.040000000000006,0.016650000000000276,0.0,-0.01426076210293977
2024-06-19,56.0,-2.14013671875,-0.17000579833984375,0.3500061035155966,12.65999984741211,-0.040000000000000036,0.0,-5.289999999999992,0.11283999999999939,0.0,-0.0011756400579220573
2024-06-20,93.0,55.4296875,3.1200027465820312,-0.29000091552731533,12.300000190734863,0.019999999999999574,0.0,-36.27,-0.059330000000000105,0.0,0.013642647755127617
2024-06-21,1.900390625,-13.85986328125,0.5999984741210938,0.32999420166014204,13.279999732971191,0.03000000000000025,0.0,37.29,0.0369900000000003,0.0,0.008855580672354138
2024-06-24,111.0,-8.5498046875,-1.4399948120117188,0.2100067138671733,13.199999809265137,0.0,0.0,-13.789999999999992,-0.07275999999999971,0.0,0.001334434980845322
2024-06-25,-48.900390625,-16.75,0.899993896484375,-0.3300018310546733,13.329999923706056,0.0,0.0,23.33999999999999,-0.009680000000000355,0.0,-0.0009382804771129742
2024-06-26,-48.900390625,21.4296875,-0.7999954223632812,0.1399993896484375,12.84000015258789,-0.019999999999999574,0.0,-49.709999999999994,0.07603000000000026,0.0,0.003327158909864168
2024-06-27,6.900390625,8.60009765625,0.06999969482421875,0.4400024414062358,12.550000190734863,0.08999999999999986,0.0,17.11,-0.0038999999999997925,0.0,0.008982460391310758
2024-06-28,33.0,4.97021484375,0.839996337890625,-0.1399993896484233,12.239999771118164,-0.03000000000000025,0.0,22.019999999999996,-0.03154000000000057,0.0,0.013630369390983095
2024-07-01,-59.599609375,-22.39013671875,-0.1999969482421875,-0.04000091552732954,12.4399995803833,0.07000000000000028,0.0,-32.529999999999994,0.06184000000000012,0.0,0.010708789308440537
2024-07-02,-31.400390625,14.60986328125,1.839996337890625,0.02999877929686079,12.220000267028809,0.1200000000000001,0.0,187.70000000000002,0.0015499999999999403,0.0,-0.0020307223543700177
2024-07-03,47.0,33.919921875,-0.5699996948242188,-0.18000030517578125,12.029999732971191,-0.05000000000000071,0.0,-202.63,0.011880000000000557,0.0,0.010000545310840214
2024-07-04,1.0,28.01025390625,1.0699996948242188,-0.31999969482421875,12.09000015258789,-0.0699999999999994,0.0,17.369999999999997,0.01808999999999994,0.0,0.0033478839973980997
2024-07-05,-51.0,0.0,0.0,0.0,12.09000015258789,0.0,0.0,-25.07,-0.025780000000000136,0.0,0.004488376183227731
2024-07-08,-11.5,30.169921875,-0.7199935913085938,-0.5200042724609517,12.479999542236328,-0.08000000000000007,0.0,745.2,-0.02554000000000034,0.0,-0.000330248470030897
2024-07-09,-83.5,5.66015625,-0.8300018310546875,0.13000488281252842,12.369999885559082,0.0,0.0,-669.5,0.02906999999999993,0.0,0.0025926629042553424
2024-07-10,32.2001953125,4.1298828125,-0.9199981689453125,0.1100006103515625,12.510000228881836,0.019999999999999574,0.0,-23.72,-0.0214799999999995,0.0,0.002368812972419809
2024-07-11,-0.2001953125,56.93017578125,0.6899948120117188,-0.06999969482424717,12.850000381469728,-0.019999999999999574,0.0,97.17,0.04343999999999948,0.0,0.00183242977087941
2024-07-12,-79.0,-49.3701171875,0.5200042724609375,-0.6100006103515625,12.920000076293944,-0.08000000000000007,0.0,-153.33,0.0894200000000005,0.0,0.0037151909215222155
2024-07-15,-94.0,30.81005859375,-0.410003662109375,-0.3500061035156108,12.460000038146973,-0.020000000000000462,0.0,79.91999999999999,0.002829999999999444,0.0,-0.0066706817310489075
2024-07-16,4.0,15.8701171875,-0.29999542236328125,0.10000610351561079,13.119999885559082,0.05000000000000071,0.0,-9.809999999999988,-0.0639599999999998,0.0,-0.007525270036087836
2024-07-17,87.0,35.97998046875,-1.1500015258789062,0.07999420166017046,13.1899995803833,-0.0600000000000005,0.0,-2.8300000000000125,-0.05804000000000009,0.0,-1.0408728462432517e-05
2024-07-18,-22.0,-78.93017578125,2.089996337890625,-0.5199966430664062,14.479999542236328,-0.009999999999999787,0.0,32.53,-0.03060999999999936,0.0,0.013317640049465129
2024-07-19,-35.0,-43.68017578125,-0.029998779296875,0.4199981689453267,15.93000030517578,0.040000000000000036,0.0,247.45999999999998,-0.014180000000000526,0.0,-0.0036366313876198086
2024-07-22,47.0,-39.58984375,-2.69000244140625,0.23000335693357954,16.520000457763672,0.04999999999999982,0.0,-288.08,0.026080000000000325,0.0,0.0037602768893218396
2024-07-23,21.0,59.41015625,-0.34999847412109375,-0.09000396728514204,14.90999984741211,0.009999999999999787,0.0,-10.0,0.06472999999999995,0.0,-0.0011094881245953502
2024-07-24,14.2001953125,-8.669921875,-2.8199996948242188,0.1399993896484375,14.720000267028809,-0.009999999999999787,0.0,62.95,-0.003330000000000055,0.0,-0.007011003762541872
2024-07-25,1.7998046875,-128.6103515625,0.6299972534179688,-0.05999755859376421,18.040000915527344,0.03000000000000025,0.0,-62.540000000000006,0.0014199999999995327,0.0,-0.0031003097768852526
2024-07-26,24.0,-27.90966796875,0.69000244140625,-0.029998779296875,18.459999084472656,-0.010000000000000675,0.0,-39.46,0.04396000000000022,0.0,0.006592627630851588
2024-07-29,91.7998046875,59.8798828125,-1.1199951171875,-0.04000091552734375,16.389999389648438,-0.0699999999999994,0.0,28.410000000000004,0.008799999999999919,0.0,0.00010015466367176224
2024-07-30,-54.7998046875,4.43994140625,-1.350006103515625,0.23999786376954546,16.600000381469727,-0.03000000000000025,0.0,-1.8900000000000006,0.018279999999999852,0.0,-0.006473627666772861
2024-07-31,18.7001953125,-27.10009765625,-1.0799942016601562,-0.009994506835965922,17.690000534057617,-0.019999999999999574,0.0,7.219999999999999,-0.048929999999999474,0.0,0.001917340367346674
2024-08-01,26.7998046875,85.85986328125,3.1800003051757812,-0.45000457763670454,16.360000610351562,-0.0600000000000005,0.0,-20.410000000000004,0.019560000000000244,0.0,0.00963165782308075
2024-08-02,-73.5,-75.61962890625,-1.600006103515625,0.31999969482423296,18.59000015258789,-0.09999999999999964,0.0,7.939999999999998,0.007369999999999877,0.0,-0.002441122531815062
2024-08-05,26.0,-100.1201171875,-2.7900009155273438,-1.2099990844726705,23.38999938964844,-0.1900000000000004,0.0,36.71,-0.013810000000000322,0.0,-0.03459059929567505
2024-08-06,-269.0,-160.22998046875,-0.5799942016601562,-0.5199966430664205,38.56999969482422,-0.020000000000000018,0.0,52.44999999999999,0.06184999999999974,0.0,0.009805231908555598
2024-08-07,196.0,53.69970703125,0.2599945068359375,0.2799987792968892,27.709999084472656,0.1200000000000001,0.0,57.71000000000001,-0.043079999999999785,0.0,0.01156334157715451
2024-08-08,-55.7001953125,-40.52978515625,2.0300064086914062,0.2299957275390767,27.850000381469727,0.06000000000000005,0.0,-154.51999999999998,-0.014249999999999652,0.0,-0.002361279386756533
2024-08-09,-129.2998046875,119.81005859375,0.9599990844726562,0.01000213623045454,23.790000915527344,0.03000000000000025,0.0,-34.68,0.016329999999999956,0.0,0.00856281156068769
2024-08-12,-44.0,24.85009765625,0.649993896484375,-0.06999969482421875,20.3700008392334,-0.050000000000000266,0.0,104.05000000000001,-0.010460000000000136,0.0,0.00558297073078653
2024-08-13,-61.0,0.22998046875,3.220001220703125,0.0,20.709999084472656,-0.040000000000000036,0.0,-46.260000000000005,0.08999000000000024,0.0,0.00805410710355296
2024-08-14,31.099609375,90.0400390625,-1.7099990844726562,-0.5800018310546733,18.1200008392334,-0.04999999999999982,0.0,11.920000000000002,-0.03207000000000004,0.0,0.010735263148897918
2024-08-15,-200.099609375,20.77978515625,-1.3699951171875,0.01000213623045454,16.190000534057617,-0.020000000000000018,0.0,32.120000000000005,-0.08626999999999985,0.0,-0.003575230558909254
2024-08-16,-129.5,88.01025390625,1.1800003051757812,0.410003662109375,15.229999542236328,0.08999999999999986,0.0,100.64999999999999,-0.01877000000000084,0.0,0.003043997763205515
2024-08-19,135.5,11.02978515625,-1.5100021362304688,-0.5200042724609375,14.800000190734863,-0.029999999999999805,0.0,-26.169999999999987,-0.050189999999999735,0.0,0.004663595993323244
2024-08-20,-72.0,54.0,-2.279998779296875,-0.5699996948242188,14.649999618530272,-0.03000000000000025,0.0,-106.42,0.23489000000000004,0.0,0.008953413943359665
2024-08-21,-160.0,-11.1298828125,-0.3300018310546875,-0.4499969482422017,15.880000114440918,-0.040000000000000036,0.0,-34.220000000000006,0.007150000000000212,0.0,0.002731592528654573
2024-08-22,-81.0,23.72998046875,-2.1100006103515625,-0.40000152587889204,16.270000457763672,-0.029999999999999805,0.0,62.49,-0.020050000000000345,0.0,-0.008763709007830989
2024-08-23,42.0,-50.2099609375,1.0800018310546875,0.4700012207031392,17.549999237060547,0.06999999999999984,0.0,-29.67,0.027029999999999887,0.0,0.007400042798697587
2024-08-26,244.5,63.9697265625,1.8199996948242188,-0.790000915527358,15.859999656677246,-0.04999999999999982,0.0,-17.540000000000006,-0.1013699999999993,0.0,0.008170997255436635
2024-08-27,-351.2998046875,-17.77001953125,2.589996337890625,0.12999725341796875,16.149999618530273,0.009999999999999787,0.0,-5.869999999999997,0.12563999999999975,0.0,-0.0010936496036250195
2024-08-28,85.3994140625,8.9599609375,-1.8899993896484375,-0.29999542236329546,15.43000030517578,0.010000000000000231,0.0,-28.019999999999996,0.00851000000000024,0.0,0.007995732007765365
2024-08-29,4.5,-33.61962890625,-1.0100021362304688,0.5399932861328267,17.110000610351562,0.009999999999999787,0.0,28.380000000000003,-0.014680000000000248,0.0,-0.004091333224112708
2024-08-30,-27.099609375,-0.22021484375,1.3900070190429688,0.25,15.649999618530272,0.03000000000000025,0.0,28.189999999999998,-0.09480000000000022,0.0,0.0056383933434322716
2024-09-02,4.7998046875,56.43994140625,-2.3600006103515625,0.3600006103515767,15.0,0.040000000000000036,0.0,-31.39,0.03282999999999969,0.0,0.003097492636266067
2024-09-03,80.2001953125,0.0,0.0,0.0,15.0,0.0,0.0,540.37,0.09930000000000039,0.0,-0.010189955631482426
2024-09-04,-4.900390625,-119.4697265625,-3.2100067138671875,0.13000488281247158,20.71999931335449,-0.07000000000000028,0.0,-530.38,0.000600000000000378,0.0,0.007374415324100971
2024-09-05,12.80078125,-8.8603515625,-1.1399993896484375,-0.4700012207031108,21.31999969482422,-0.06999999999999984,0.0,21.86,-0.09590000000000032,0.0,0.0010612225878315255
2024-09-06,-88.5,-16.65966796875,-0.04999542236328125,-0.25,19.899999618530277,-0.040000000000000036,0.0,-37.91,0.0043400000000000105,0.0,0.0052981382490510385
2024-09-09,-27.400390625,-94.990234375,-1.4800033569335938,0.06999969482421875,22.3799991607666,-0.009999999999999787,0.0,48.18000000000001,-0.04657999999999962,0.0,-0.0024775294372038695
2024-09-10,-12.0,62.6298828125,1.0400009155273438,0.37000274658201704,19.450000762939453,-0.020000000000000018,0.0,-47.440000000000005,0.1369599999999993,0.0,0.0075852578609927074
2024-09-11,51.7998046875,24.47021484375,-2.9599990844726562,0.07999420166015625,19.07999992370605,-0.050000000000000266,0.0,62.4,0.016799999999999926,0.0,-5.580413492471587e-05
2024-09-12,32.2001953125,58.60986328125,1.55999755859375,0.05000305175782671,17.690000534057617,0.0,0.0,-79.96000000000001,-0.08061999999999969,0.0,0.0047816107741031995
2024-09-13,-52.0,41.6298828125,1.660003662109375,-0.3099975585937358,17.06999969482422,0.03000000000000025,0.0,20.46,-0.011529999999999596,0.0,0.0017907494723712078
2024-09-17,-18.2998046875,30.26025390625,-0.31999969482421875,-0.26000213623048296,16.559999465942383,-0.020000000000000018,0.0,34.39,-0.03701000000000043,0.0,0.0025118988752445173
2024-09-18,-33.7001953125,8.56005859375,2.5400009155273438,-0.220001220703125,17.610000610351562,-0.010000000000000231,0.0,17.659999999999997,0.09891000000000005,0.0,-0.00033766139904178844
2024-09-19,-40.0,-16.3203125,-0.279998779296875,-0.29000091552734375,18.229999542236328,0.050000000000000266,0.0,41.56000000000002,-0.1901799999999998,-0.25,0.009692821179804117
2024-09-20,-44.7998046875,95.38037109375,1.0399932861328125,0.01000213623046875,16.329999923706055,0.029999999999999805,-0.5,-26.01000000000002,-0.08790999999999993,0.0,-0.020755108709826612
2024-09-23,-102.6005859375,-11.09033203125,-0.029998779296875,0.1100006103515625,16.149999618530273,0.0,0.0,-59.69999999999999,0.025879999999999903,0.0,0.004217753519974051
2024-09-24,-43.599609375,16.02001953125,-1.5499954223632812,0.1999969482422017,15.890000343322754,0.020000000000000018,0.0,7.199999999999989,0.04884000000000022,0.0,0.0003549202146424228
2024-09-25,20.099609375,14.3603515625,1.1899948120117188,-0.5499954223632812,15.390000343322754,-0.009999999999999787,0.0,-1.1299999999999955,0.00865999999999989,0.0,-0.004844188018739839
2024-09-26,-53.0,-10.67041015625,-1.8699951171875,0.5499954223632812,15.40999984741211,0.04999999999999982,0.0,31.439999999999998,-0.10972999999999988,0.0,0.0004667950048776959
2024-09-27,80.400390625,23.1103515625,-2.0200042724609375,-0.3600006103515625,15.369999885559082,0.0,0.0,-21.799999999999997,0.032569999999999766,0.0,-0.006165263433335729
2024-09-30,-131.5,-7.2001953125,0.5100021362304688,-0.1399993896484375,16.959999084472656,-0.040000000000000036,0.0,8.400000000000006,-0.03856000000000037,0.0,-0.022199733933146906
2024-10-01,48.0,24.31005859375,-0.01000213623046875,0.3600006103515483,16.729999542236328,0.06000000000000005,0.0,25.75999999999999,0.04459999999999997,0.0,0.015056730912562127
2024-10-02,52.599609375,-53.72998046875,1.660003662109375,0.4100036621093608,19.26000022888184,-0.06999999999999984,0.0,-57.41,0.04161000000000037,0.0,-0.010374122174385771
2024-10-03,90.0,0.7900390625,0.26999664306640625,0.48999786376954546,18.899999618530277,0.04999999999999982,0.0,74.74,-0.026209999999999845,0.0,-0.0025728439195746616
2024-10-04,63.400390625,-9.60009765625,3.6100006103515625,0.3099975585937358,20.489999771118164,0.06000000000000005,0.0,-56.91999999999999,0.03204999999999991,0.0,-0.006348101365752551
2024-10-07,133.0,51.1298828125,0.6699981689453125,0.5299987792968892,19.209999084472656,0.1299999999999999,0.0,-2.1200000000000045,-0.10484000000000027,0.0,0.0010725100149301056
2024-10-08,193.0,-55.1298828125,2.7600021362304688,0.0200042724609375,22.63999938964844,0.050000000000000266,0.0,-26.200000000000003,0.09417000000000009,0.0,0.007038917561537391
2024-10-09,94.0,55.18994140625,-3.5699996948242188,0.01000213623045454,21.420000076293945,0.009999999999999787,0.0,78.71000000000001,-0.006109999999999616,0.0,-0.007418728246488988
2024-10-10,-61.599609375,40.91015625,-0.3300018310546875,0.37999725341798296,20.86000061035156,0.019999999999999574,0.0,-55.49000000000001,0.006799999999999251,0.0,-0.0028308624687176055
2024-10-11,-17.80078125,-11.990234375,2.6100006103515625,0.05999755859373579,20.93000030517578,0.03000000000000025,0.0,25.120000000000005,0.024370000000000225,0.0,0.005402697140671753
2024-10-14,6.30078125,34.97998046875,-0.29000091552734375,-0.09999847412107954,20.459999084472656,-0.009999999999999787,0.0,150.39,-0.02695000000000025,0.0,0.005179331108281827
2024-10-15,-108.900390625,44.8203125,-1.7299957275390625,0.4100036621093608,19.700000762939453,0.0,0.0,-178.81,0.04182000000000041,0.0,0.00886265534258024
2024-10-16,11.0,-44.59033203125,-3.25,-0.04000091552731533,20.63999938964844,-0.04999999999999982,0.0,72.16,-0.08253999999999984,0.0,0.002878887333653042
2024-10-17,5.599609375,27.21044921875,-0.19000244140625,0.32999420166014204,19.57999992370605,-0.010000000000000675,0.0,-60.72999999999999,-0.00820000000000043,0.0,0.011193465623287102
2024-10-18,5.30078125,-1.0,0.279998779296875,0.2400054931640483,19.11000061035156,0.07000000000000028,0.0,35.11999999999999,0.051600000000000534,0.0,0.0032295395654417984
2024-10-21,-90.900390625,23.19970703125,-1.4499969482421875,-0.34000396728515625,18.030000686645508,-0.009999999999999787,0.0,-44.67999999999999,-0.07884000000000047,0.0,0.001614165063935877
2024-10-22,-26.0,-10.68994140625,1.339996337890625,0.5200042724609659,18.3700008392334,0.11000000000000032,0.0,213.68,0.11354000000000042,0.0,0.002106049096934826
2024-10-23,89.0,-2.77978515625,1.529998779296875,0.06999969482419033,18.200000762939453,0.009999999999999787,0.0,-167.78000000000003,0.0024600000000001288,0.0,-0.00018206457135805547
2024-10-24,30.0,-53.7802734375,-1.3199996948242188,0.34999847412110796,19.239999771118164,0.040000000000000036,0.0,-17.42,-0.05948000000000064,0.0,-0.009161002170005952
2024-10-25,77.0,12.43994140625,-0.5799942016601562,-0.37000274658201704,19.07999992370605,-0.03000000000000025,0.0,-31.25999999999999,-0.04125999999999941,0.0,-0.0028406190086333635
2024-10-28,-41.5,-1.73974609375,1.589996337890625,0.20000457763671875,20.32999992370605,0.040000000000000036,0.0,16.310000000000002,-0.05958000000000041,0.0,-0.007832013061191004
2024-10-29,66.599609375,15.39990234375,-4.400001525878906,0.05999755859373579,19.799999237060547,0.03000000000000025,0.0,-7.990000000000009,0.06346000000000007,0.0,-0.00367828470048572
2024-10-30,58.900390625,9.39990234375,-0.1699981689453125,-0.04000091552734375,19.34000015258789,0.0,0.0,13.320000000000007,-0.030529999999999724,0.0,-0.0048430392296017755
2024-10-31,21.0,-19.25,1.4000015258789062,-0.29000091552735796,20.350000381469727,0.009999999999999787,0.0,-18.52000000000001,-0.07851000000000052,0.0,0.0005505786373484232
2024-11-01,-72.5,-108.2197265625,0.6500015258789062,-0.00999450683592329,23.15999984741211,-0.009999999999999787,0.0,37.18000000000001,-0.060579999999999856,0.0,-0.009120157254742455
2024-11-04,17.5,23.349609375,0.2299957275390625,0.29999542236328125,21.8799991607666,0.08999999999999986,0.0,8.650000000000006,0.029060000000000308,0.0,-0.003437349948945554
2024-11-05,129.0,-16.10986328125,1.9800033569335938,-0.3899993896484375,21.979999542236328,-0.0600000000000005,0.0,115.52,0.09600000000000009,0.0,0.001660258522059626
2024-11-06,-52.0,70.06982421875,0.5199966430664062,-0.4700012207031108,20.489999771118164,-0.04999999999999982,0.0,80.68,0.015509999999999913,0.0,-0.014528952279893622
2024-11-07,-125.0,146.2802734375,-0.29999542236328125,1.6699981689452983,16.270000457763672,0.16000000000000014,0.0,-169.92000000000002,-0.12828000000000017,0.0,-0.019143448148473814
2024-11-08,153.2001953125,44.06005859375,0.6699981689453125,-0.579994201660142,15.199999809265137,-0.11000000000000032,0.0,180.95,0.0866699999999998,0.0,0.005963943526896178
2024-11-11,-260.2001953125,22.43994140625,-1.9800033569335938,0.48999786376951704,14.9399995803833,-0.009999999999999787,-0.25,-15.109999999999957,-0.024490000000000123,0.0,-0.0028489031687249167
2024-11-12,89.2001953125,5.81005859375,-2.339996337890625,0.5400009155273438,14.970000267028809,0.0,0.0,77.91999999999996,0.1194500000000005,0.0,0.007612345797192634
2024-11-13,117.7998046875,-17.35986328125,0.0800018310546875,0.4799957275390625,14.710000038146973,0.1299999999999999,0.0,-160.98,-0.012579999999999814,0.0,-0.0018201431856926433
2024-11-14,23.900390625,1.3896484375,0.30999755859375,0.4600067138671875,14.020000457763672,0.010000000000000675,0.0,-54.94999999999999,-0.06334000000000017,0.0,-0.012960087804513605
2024-11-15,58.2998046875,-36.2099609375,0.26999664306640625,0.18999481201173296,14.3100004196167,-0.010000000000000675,0.0,-34.670000000000016,-0.04069000000000056,0.0,-0.007415712105903377
2024-11-18,86.099609375,-78.5498046875,-1.6800003051757812,0.02000427246090908,16.139999389648438,0.0,0.0,132.69000000000003,0.018930000000000113,0.0,-0.0037747436097842714
2024-11-19,-42.0,23.0,2.1400070190429688,-0.4100036621093608,15.579999923706056,-0.009999999999999787,0.0,194.8,0.10927000000000042,0.0,0.008574794182266034
2024-11-20,-85.2001953125,23.35986328125,0.2299957275390625,-0.06999969482421875,16.350000381469727,-0.03000000000000025,0.0,-249.17000000000002,0.016820000000000057,0.0,-0.0021396543402437368
2024-11-21,11.0,0.1298828125,-0.5199966430664062,0.470001220703125,17.15999984741211,0.020000000000000462,0.0,-32.24000000000001,0.0016599999999993287,0.0,-0.005505519309441382
2024-11-22,95.900390625,31.60009765625,1.2299957275390625,0.29000091552734375,16.8700008392334,0.019999999999999574,0.0,38.099999999999994,-0.018489999999999895,0.0,0.007624341264241401
2024-11-25,-96.099609375,20.6298828125,1.1399993896484375,0.519996643066392,15.239999771118164,-0.019999999999999574,0.0,-84.53999999999999,-0.05618999999999996,0.0,0.01634021766843017
2024-11-26,123.099609375,18.0302734375,-2.2999954223632812,-0.6699981689452983,14.600000381469728,-0.14000000000000057,0.0,-47.620000000000005,0.05691999999999986,0.0,-0.009370912649030842
2024-11-28,-38.7998046875,34.259765625,-0.17000579833984375,0.1900024414062642,14.100000381469728,0.03000000000000025,0.0,62.400000000000006,-0.05505999999999922,0.0,-0.006331298081165647
2024-11-29,-37.7001953125,-22.8896484375,-0.04999542236328125,-0.9300003051758097,14.100000381469728,-0.04999999999999982,0.0,12.569999999999993,-0.037220000000000475,0.0,-0.012000782995926327
2024-12-02,14.5,33.6396484375,-0.720001220703125,-0.34000396728515625,13.510000228881836,-0.07000000000000028,0.0,12.090000000000003,0.06883999999999979,0.0,-0.009502094855221839
2024-12-03,-49.0,14.77001953125,0.09999847412109375,0.7099990844726847,13.34000015258789,0.010000000000000675,0.0,-96.13,0.023290000000000255,0.0,0.020927706039263638
2024-12-04,81.0,2.72998046875,1.8400039672851562,-0.07999420166015625,13.300000190734863,0.040000000000000036,0.0,13.509999999999991,-0.034279999999999866,0.0,0.018006275888291137
2024-12-05,30.0,36.6103515625,-1.4000015258789062,-0.03000640869142046,13.449999809265137,-0.040000000000000036,0.0,85.72,-0.0512100000000002,0.0,-0.0018375826197738374
2024-12-06,-33.400390625,-11.38037109375,-0.23999786376953125,-0.6299972534179688,13.539999961853027,-0.020000000000000462,0.0,-80.52,-0.08561999999999959,0.0,0.009454575600775976
2024-12-09,-66.7998046875,15.16015625,-1.100006103515625,0.26000213623046875,12.770000457763672,-0.019999999999999574,0.0,293.3,-0.04348000000000063,0.0,0.007414863572267575
2024-12-10,-14.0,-37.419921875,1.1700057983398438,0.18000030517578125,14.1899995803833,0.04999999999999982,0.0,-156.89,0.06852000000000036,0.0,0.0020893343804084625
2024-12-11,38.2001953125,-17.93994140625,0.21999359130859375,0.25,14.18000030517578,0.019999999999999574,0.0,-15.410000000000025,0.05827999999999989,0.0,0.0015370446422770586
2024-12-12,44.0,49.27978515625,1.7000045776367188,0.30999755859375,13.579999923706056,0.040000000000000036,0.0,1.3300000000000125,-0.12509999999999977,0.0,-0.009491182200352602
2024-12-13,55.0,-32.93994140625,-0.2700042724609375,0.25,13.920000076293944,0.0600000000000005,0.0,-94.28,-0.11950000000000038,0.0,-0.009436662697999606
2024-12-16,4.400390625,-0.16015625,1.2700042724609375,0.04000091552734375,13.8100004196167,0.08000000000000007,0.0,16.24000000000001,0.06484999999999985,0.0,-0.009073133371145247
2024-12-17,58.3994140625,22.990234375,-0.5800018310546875,-0.1399993896484375,14.6899995803833,-0.010000000000000675,0.0,147.25,0.2355900000000002,0.0,-0.013998062449530157
2024-12-18,-70.7998046875,-23.47021484375,-0.6299972534179688,0.09999847412109375,15.869999885559082,0.010000000000000675,0.0,-201.99,-0.026819999999999844,0.0,-0.006989837420511589
2024-12-19,-28.7998046875,-178.44970703125,0.5,1.0699996948242188,27.6200008392334,0.09999999999999964,0.0,165.05,-0.04886000000000035,0.0,-0.01855021753350364
2024-12-20,219.099609375,-5.080078125,-0.6699981689453125,0.3800048828125,24.09000015258789,0.07000000000000028,-0.25,-80.28,-0.02273999999999976,0.0,0.0009494152275927176
2024-12-23,-164.0,63.77001953125,-0.45000457763671875,-0.7900009155273295,18.36000061035156,-0.05000000000000071,0.0,9.090000000000003,-0.05616999999999983,0.0,0.015991407644306916
2024-12-24,178.0,43.2197265625,-0.220001220703125,0.4199981689452983,16.780000686645508,0.07000000000000028,0.0,-41.78,0.08772000000000002,0.0,-0.004335314885715449
2024-12-27,58.2998046875,65.97021484375,0.8600006103515625,0.2200012207031392,14.270000457763672,0.0,0.0,113.16,0.057310000000000194,0.0,-0.004137665436257434
2024-12-30,-28.599609375,-69.2001953125,0.5,-0.26000213623048296,15.949999809265137,0.03000000000000025,0.0,-147.87,0.014909999999999535,0.0,0.006139509855538928
2025-01-02,-11.0,-63.89990234375,0.3899993896484375,0.12999725341795454,17.399999618530273,-0.07000000000000028,0.0,34.06,-0.003649999999999487,0.0,0.011697058231873704
2025-01-03,52.5,-38.39013671875,2.1399993896484375,1.260002136230483,17.93000030517578,0.020000000000000462,0.0,50.53,-0.12931000000000026,0.0,0.0001708755364679817
2025-01-06,-29.400390625,73.92041015625,0.8300018310546875,-0.4400024414062358,16.1299991607666,0.02999999999999936,0.0,-21.49000000000001,-0.04474999999999962,0.0,-0.011787521239612684
2025-01-07,-22.2998046875,32.90966796875,-0.40000152587890625,-0.6899948120117188,16.040000915527344,0.020000000000000462,0.0,54.900000000000006,0.09432999999999936,0.0,0.0003967956203353822
2025-01-08,0.2998046875,-66.35009765625,0.69000244140625,0.2799987792968608,17.81999969482422,0.04999999999999982,0.0,38.629999999999995,-0.01672999999999991,0.0,-0.00041403618398917015
2025-01-09,-21.3994140625,9.22021484375,-0.9300003051757812,0.5499954223632812,17.700000762939453,0.0,0.0,-48.93000000000001,-0.017509999999999692,0.0,-0.002228947842576456
2025-01-10,29.8994140625,0.0,0.5999984741210938,0.09000396728515625,17.700000762939453,0.009999999999999787,0.0,18.700000000000017,0.011459999999999582,0.0,0.003430730611918044
2025-01-13,49.400390625,-91.2099609375,2.6500015258789062,0.470001220703125,19.540000915527344,0.08999999999999986,0.0,-82.95000000000002,0.005570000000000519,0.0,-0.010206895000919229
2025-01-14,31.0,9.18017578125,2.25,0.30999755859375,19.190000534057617,0.020000000000000462,0.0,31.840000000000003,0.09615999999999936,0.0,-0.008618320466689162
2025-01-15,27.2001953125,6.68994140625,-1.3199996948242188,-0.69000244140625,18.709999084472656,-0.009999999999999787,0.0,5.800000000000011,-0.11967999999999979,0.0,0.017511844582712925
2025-01-16,24.7998046875,107.0,2.5400009155273438,-0.18000030517578125,16.1200008392334,-0.1200000000000001,0.0,-74.68,-0.048789999999999445,-0.25,0.003941200777019319
2025-01-17,40.7998046875,-12.5703125,-1.3600006103515625,-0.12999725341796875,16.600000381469727,-0.04999999999999982,0.0,23.960000000000008,-0.2163200000000005,0.0,0.0066103976969945875
2025-01-20,8.0,59.3203125,-0.8000030517578125,0.3899993896484375,15.970000267028809,0.0,0.0,38.94999999999999,-0.015329999999999622,0.0,0.00224477161167355
2025-01-21,-1.7001953125,0.0,0.0,0.0,15.970000267028809,0.0,0.0,20.080000000000013,0.07059999999999977,0.0,0.0015443952311634888
2025-01-22,-122.099609375,52.580078125,-1.9899978637695312,-1.2900009155273295,15.0600004196167,-0.040000000000000036,0.0,31.659999999999997,-0.05804000000000009,0.0,0.010431340236871037
2025-01-23,85.7998046875,37.1298828125,-0.4499969482421875,0.1100006103515625,15.100000381469728,0.02999999999999936,0.0,-103.60000000000001,-0.03383000000000003,0.0,-0.003379609876908605
2025-01-24,-98.0,32.33984375,-0.8199996948242188,-0.11999511718752842,15.020000457763672,0.05000000000000071,0.0,54.750000000000014,-0.003809999999999647,0.0,-0.009249083925532402
2025-01-30,-1.8994140625,-17.4697265625,0.04000091552734375,-0.6100006103515625,14.850000381469728,-0.020000000000000462,0.0,12.639999999999986,0.1940900000000001,0.0,-0.01300315421409621
2025-01-31,7.099609375,-30.0703125,-1.9300003051757812,0.3600006103515625,15.84000015258789,-0.11000000000000032,0.0,104.35,-0.06270000000000042,0.0,0.005036828651999389
2025-02-03,36.5,-30.64013671875,-0.20000457763671875,0.5699996948242472,16.43000030517578,0.0600000000000005,0.0,202.26999999999998,-0.02719999999999967,0.0,-0.011194158082943278
2025-02-04,66.7998046875,-45.9599609375,0.6300048828125,0.6199951171874716,18.6200008392334,-0.040000000000000036,0.0,-168.61999999999995,-0.035820000000000185,0.0,0.006154637262493019
2025-02-05,-21.2998046875,43.31005859375,-0.4600067138671875,-1.0299987792968608,17.209999084472656,-0.020000000000000462,0.0,66.19,-0.008569999999999744,0.0,-0.006984288573747064
2025-02-06,-20.900390625,23.60009765625,-1.6699981689453125,-0.37999725341798296,15.770000457763672,-0.08999999999999986,0.0,-167.16000000000003,-0.032110000000000305,0.0,-0.021395696368779565
2025-02-07,-1.0,22.08984375,-0.4199981689453125,0.1100006103515625,15.5,0.020000000000000462,0.0,146.26,0.027040000000000397,0.0,-0.019527550223983912
2025-02-10,28.900390625,-57.57958984375,0.3899993896484375,0.34999847412110796,16.540000915527344,0.040000000000000036,0.0,-39.56,-0.09274000000000004,0.0,-0.014104642596079355
2025-02-11,-12.2998046875,40.44970703125,1.3199996948242188,0.279998779296875,15.8100004196167,0.019999999999999574,0.0,-42.55000000000001,0.08122000000000007,0.0,-0.01762575058313482
2025-02-12,15.3994140625,2.06005859375,1.0,-0.3600006103515625,16.020000457763672,0.03000000000000025,0.0,-59.45999999999998,-0.13865000000000016,0.0,0.017270060485508224
2025-02-13,13.2001953125,-16.52978515625,-1.9499969482421875,-0.01999664306642046,15.890000343322754,0.08000000000000007,0.0,54.39999999999998,0.03475999999999946,0.0,-0.004858463610111823
2025-02-14,31.7001953125,63.099609375,-0.0800018310546875,-0.6300048828124716,15.100000381469728,-0.10000000000000053,0.0,-48.589999999999975,-0.016939999999999955,0.0,0.003756578948175442
2025-02-17,-156.0,-0.43994140625,-0.5500030517578125,-0.7399978637695455,14.770000457763672,-0.04999999999999982,0.0,61.22000000000003,-0.009489999999999554,0.0,0.028573921504520337
2025-02-18,-46.0,0.0,0.0,0.0,14.770000457763672,0.0,0.0,74.78999999999996,0.07076999999999956,0.0,0.006227545749831254
2025-02-19,47.0,14.9501953125,1.1100006103515625,0.48000335693357954,15.350000381469728,0.08000000000000007,0.0,-92.33999999999997,-0.01252999999999993,0.0,-0.01151367763047915
2025-02-20,97.0,14.56982421875,0.40000152587890625,0.11999511718752842,15.270000457763672,-0.019999999999999574,0.0,61.129999999999995,-0.0332599999999994,0.0,-0.0010051119194861256
2025-02-21,29.400390625,-26.6298828125,0.31999969482421875,-0.8300018310547017,15.65999984741211,-0.03000000000000025,0.0,26.430000000000007,0.14890999999999988,0.0,0.002201301320287473
2025-02-24,-101.30078125,-104.39013671875,-2.1699981689453125,0.2700042724609375,18.209999084472656,-0.08000000000000007,0.0,7.699999999999989,-0.014639999999999986,0.0,-0.007880431889498404
2025-02-25,32.900390625,-29.8798828125,0.29999542236328125,-0.01000213623046875,18.979999542236328,-0.019999999999999574,0.0,-19.720000000000027,0.03174999999999972,0.0,-0.024372198663631047
2025-02-26,1.2998046875,-28.0,-1.7699966430664062,-0.29000091552732954,19.43000030517578,-0.10000000000000053,0.0,-123.75999999999999,-0.018839999999999968,0.0,0.0028941011525742805
2025-02-27,34.7001953125,0.81005859375,-0.30999755859375,0.1100006103515625,19.100000381469727,-0.04999999999999982,0.0,43.03000000000003,-0.17539999999999978,0.0,-0.01844437028754897
2025-02-28,53.400390625,-94.490234375,1.7299957275390625,0.8199996948241903,21.1299991607666,0.040000000000000036,0.0,13.370000000000005,-0.001300000000000523,0.0,-0.03368934301374378
2025-03-03,186.298828125,92.93017578125,-0.589996337890625,0.37000274658204546,19.6299991607666,-0.04999999999999982,0.0,56.68000000000001,0.09471000000000007,0.0,0.03895035952098039
2025-03-04,-31.69921875,-104.77978515625,-1.3899993896484375,-0.8600006103515625,22.780000686645508,-0.08000000000000007,0.0,84.52999999999997,0.15523000000000042,0.0,-0.021591022663737428
2025-03-05,-70.80078125,-71.5703125,-0.1100006103515625,-1.010002136230483,23.51000022888184,0.05999999999999961,0.0,17.779999999999973,-0.0686100000000005,0.0,0.023390221871504514
2025-03-06,-72.19921875,64.47998046875,-1.9500045776367188,0.0,21.93000030517578,0.0600000000000005,0.0,-56.22999999999996,-0.1437999999999997,0.0,0.013148964907740977
2025-03-07,-110.099609375,-104.10986328125,0.0500030517578125,-1.6800003051757528,24.8700008392334,0.009999999999999787,0.0,334.96,0.041999999999999815,0.0,0.002739256481842278
2025-03-10,53.19921875,31.68017578125,0.6800003051757812,-0.2200012207031392,23.3700008392334,0.03000000000000025,0.0,-169.55999999999995,-0.04129999999999967,0.0,-0.005710682113585776
2025-03-11,-29.5,-155.64013671875,-1.0100021362304688,0.07000732421875,27.86000061035156,-0.10000000000000053,0.0,-152.92000000000007,0.09424999999999972,0.0,-0.007967414236470809
2025-03-12,31.400390625,-42.490234375,0.220001220703125,-0.4700012207031392,26.920000076293945,0.0600000000000005,0.0,300.25,-0.037969999999999615,0.0,0.018045417596058554
2025-03-13,109.900390625,27.22998046875,1.4300003051757812,0.1699981689453267,24.229999542236328,0.040000000000000036,0.0,-270.53,-0.11006000000000071,0.0,-0.002648336589333995
2025-03-14,-128.30078125,-77.77978515625,-1.1299972534179688,0.2200012207031108,24.65999984741211,-0.05000000000000071,0.0,29.860000000000014,-0.03359999999999985,0.0,-0.020024319265565336
2025-03-17,-46.2998046875,117.419921875,0.6299972534179688,-0.11000061035154829,21.770000457763672,0.040000000000000036,0.0,-20.900000000000034,0.09277000000000069,0.0,-0.006727081522302187
2025-03-18,61.7001953125,36.18017578125,0.40000152587890625,-0.34999847412107954,20.51000022888184,0.0,0.0,207.07,0.11379999999999946,0.0,-0.039162473703758395
2025-03-19,49.0,-60.4599609375,-0.6800003051757812,-0.13000488281252842,21.700000762939453,-0.019999999999999574,0.0,-35.289999999999964,-0.006960000000000299,0.0,0.01408425870257062
2025-03-20,144.5,60.6298828125,0.26000213623046875,0.1900024414062642,19.899999618530277,-0.040000000000000036,0.0,-48.789999999999964,-0.02516999999999925,0.0,0.011031677257186026
2025-03-21,-184.2001953125,-12.39990234375,1.0999984741210938,0.4199981689453125,19.799999237060547,-0.009999999999999787,0.0,-106.79000000000002,0.05461999999999989,0.0,-0.019541138394370744
2025-03-24,98.2001953125,4.669921875,0.01999664306640625,0.23999786376953125,19.280000686645508,0.009999999999999787,0.0,-68.31,-0.012800000000000367,0.0,-0.015614831558287702
2025-03-25,90.5,100.009765625,0.8300018310546875,0.17000579833985796,17.479999542236328,0.08999999999999986,0.0,108.48999999999995,0.19533999999999985,0.0,0.012003426523633802
2025-03-26,56.80078125,9.080078125,-0.1100006103515625,-0.08000183105470171,17.149999618530273,-0.03000000000000025,0.0,-25.859999999999957,-0.0031200000000000117,0.0,0.03726230276109229
2025-03-27,45.19921875,-64.44970703125,0.6500015258789062,0.37000274658201704,18.32999992370605,0.040000000000000036,0.0,-156.49,0.09454000000000029,0.0,0.005894529995229711
2025-04-08,8.0,-18.89013671875,0.26999664306640625,-0.48000335693357954,18.690000534057617,0.03000000000000025,0.0,-3.3799999999999955,0.5831099999999996,0.0,-0.08231843038180513
2025-04-09,226.69921875,-710.5400390625,-10.339996337890625,-1.1100006103515625,52.33000183105469,-0.1200000000000001,0.0,252.88,-0.68689,0.0,-0.0047064599132045914
2025-04-10,196.201171875,474.1298828125,2.769996643066399,-0.05999755859375,33.619998931884766,0.08000000000000007,0.0,24.090000000000032,-0.2406599999999992,0.0,0.04681526721961414
2025-04-11,-246.400390625,-188.85009765625,-2.279998779296868,-2.029998779296861,40.720001220703125,0.0600000000000005,0.0,33.44999999999993,-0.08544000000000018,0.0,0.001310640105722091
2025-04-14,28.30078125,95.31005859375,1.4300003051757812,-1.0900039672851705,37.560001373291016,0.08000000000000007,0.0,210.27999999999997,-0.09440999999999988,0.0,0.016830921729373168
2025-04-15,-45.80078125,42.6103515625,0.029998779296882105,-0.1399993896484375,30.88999938964844,-0.10000000000000053,0.0,-338.15999999999997,-0.13597000000000037,0.0,0.011423211210702668
2025-04-16,-8.0,-9.34033203125,-0.1999969482421946,0.5800018310546875,30.1200008392334,-0.03000000000000025,0.0,-123.70999999999998,0.14060999999999968,0.0,-0.006483398792999496
2025-04-17,33.5,-120.9296875,1.1399993896484375,-0.8400039672851705,32.63999938964844,-0.05999999999999961,0.0,133.85000000000002,0.10353000000000012,0.0,0.005953262882459976
2025-04-21,-18.900390625,7.0,2.2099990844726562,0.0,29.649999618530277,0.04999999999999982,0.0,2.2199999999999704,-0.05337000000000014,0.0,0.0011949105741074027
2025-04-22,0.0,-124.5,-1.5999984741210938,-1.0999984741210795,33.81999969482422,0.08000000000000007,0.0,-100.06,0.14622000000000046,0.0,0.014217377610857906
2025-04-23,20.30078125,129.5595703125,1.2299957275390625,0.6399993896484517,30.56999969482422,-0.009999999999999787,0.0,31.090000000000032,-0.056560000000000166,0.0,0.014592750279042476
2025-04-24,43.19921875,88.10009765625,-2.039997100830078,0.9199981689452983,28.450000762939453,-0.009999999999999787,0.0,-101.22000000000003,0.00048000000000048004,0.0,-0.0031550682202530454
2025-04-25,-12.099609375,108.91015625,0.5200004577636719,-0.5499954223632812,26.46999931335449,-0.08000000000000007,0.0,82.07999999999998,-0.0055400000000007665,0.0,0.009845862971178307
2025-04-28,-67.5,40.43994140625,0.22999954223632812,0.18000030517578125,24.84000015258789,-0.03000000000000025,0.0,96.00999999999999,0.05895000000000028,0.0,0.00657384442550503
2025-04-29,44.5,3.5400390625,-0.970001220703125,-0.45999908447264204,25.149999618530277,-0.05999999999999961,0.0,271.88,0.033660000000000245,0.0,0.003876087915524195
2025-04-30,-28.0,32.080078125,-1.6300010681152344,0.22999572753903408,24.170000076293945,-0.040000000000000036,0.0,-212.52999999999997,0.023609999999999687,0.0,0.002622063775563391
2025-05-02,-83.099609375,8.22998046875,-2.2099990844726562,0.23000335693360796,24.700000762939453,-0.020000000000000462,0.0,-142.15999999999997,0.07181000000000015,0.0,0.007205622029059085
2025-05-05,-105.900390625,117.60986328125,0.0800018310546875,0.529998779296875,22.68000030517578,0.16000000000000014,0.0,159.25,-0.09161999999999981,0.0,0.002377279226674877
2025-05-06,-146.0,-36.2900390625,-1.1599998474121094,-0.1699981689453267,23.63999938964844,0.03000000000000025,0.0,-245.71000000000004,0.02507999999999999,0.0,0.009649588404584897
2025-05-07,-38.5,-43.4697265625,1.9599990844726562,-0.5900039672851562,24.76000022888184,-0.0600000000000005,0.0,207.18000000000006,-0.009949999999999903,0.0,0.004054905003621189
2025-05-08,10.5,24.36962890625,-1.0200004577636719,0.37000274658204546,23.549999237060547,-0.040000000000000036,0.0,-125.65000000000003,0.01996999999999982,0.0,-0.014319755516324778
2025-05-09,60.599609375,32.66015625,1.8400001525878906,1.029998779296875,22.479999542236328,0.11000000000000032,0.0,139.65000000000003,0.03915000000000024,0.0,0.0007398269754342381
2025-05-14,45.701171875,-4.02978515625,1.1100006103515625,-0.3000030517578125,21.899999618530277,0.0,0.0,-32.110000000000014,0.10361999999999938,0.0,0.021296690565358812
2025-05-15,61.099609375,232.669921875,2.1300010681152344,0.7000045776367188,18.6200008392334,0.16000000000000014,0.0,241.05999999999995,-0.01996999999999982,0.0,0.008599350231523185
2025-05-16,-41.201171875,24.35009765625,-1.5300025939941406,-0.1600036621093892,17.829999923706055,-0.08000000000000007,0.0,-307.77,-0.10965000000000025,0.0,0.009382441681214632
2025-05-19,-46.3984375,41.44970703125,0.8700027465820312,0.20999908447267046,17.239999771118164,-0.020000000000000462,0.0,47.559999999999945,0.00882000000000005,0.0,0.004852040863738147
2025-05-20,-24.80078125,5.22021484375,0.1999969482421804,-0.6599960327148438,18.13999938964844,0.03000000000000025,0.0,-125.97999999999996,0.013390000000000235,0.0,-0.006531320282403402
2025-05-21,-59.0,-23.14013671875,-0.12999725341796164,-0.3099975585937358,18.09000015258789,0.020000000000000462,0.0,18.120000000000005,-0.09966000000000008,0.0,0.006723165730221172
2025-05-22,-25.0,-95.85009765625,-0.9900016784667969,-0.5600051879882812,20.8700008392334,0.09999999999999964,0.0,-89.21999999999997,0.06096000000000057,-0.25,0.003427113889020254
2025-05-23,-55.400390625,-2.60009765625,-0.3699989318847656,0.40000152587889204,20.280000686645508,-0.040000000000000036,0.0,-35.79000000000002,-0.0922300000000007,0.0,0.006561689119267075
2025-05-26,9.30078125,-39.18994140625,0.329998016357429,-0.8499984741210938,22.290000915527344,-0.03000000000000025,0.0,45.05000000000001,-0.015989999999999505,0.0,-0.0035841079461448864
2025-05-27,-145.900390625,0.0,0.0,-0.18000030517578125,22.290000915527344,0.0,0.0,-35.06,0.09671999999999947,0.0,0.0014754341442823617
2025-05-28,32.5,118.72021484375,-0.6399993896484446,0.589996337890625,18.959999084472656,-0.08000000000000007,0.0,115.89999999999998,-0.11855999999999955,0.0,-0.0032206350480144747
2025-06-02,35.5,-32.990234375,0.9500007629394531,0.3600006103515483,19.309999465942383,0.040000000000000036,0.0,-127.28999999999996,0.17239000000000004,0.0,-0.015554119262596405
2025-06-03,43.0,47.39013671875,0.6800003051757812,-1.1800003051757528,18.36000061035156,-0.009999999999999787,0.0,162.73999999999995,-0.11359999999999992,0.0,-0.0028699137006131673
2025-06-04,-33.5,34.43017578125,0.8899993896484375,0.5500030517577983,17.690000534057617,0.0,0.0,30.720000000000027,-0.021150000000000446,0.0,0.003431429488747171
2025-06-05,43.900390625,0.43994140625,-0.5600013732910227,-0.45999908447265625,17.610000610351562,-0.08999999999999986,0.0,-55.329999999999984,-0.05459000000000014,0.0,0.00625953949518513
2025-06-10,-40.900390625,-31.51025390625,0.520000457763679,-0.05000305175782671,18.479999542236328,0.03000000000000025,0.0,-79.62,0.015730000000000466,0.0,0.016358273682340822
2025-06-11,-12.7001953125,99.51025390625,1.6100044250488281,0.31000518798828125,16.950000762939453,0.0699999999999994,0.0,-67.17000000000002,-0.01719000000000026,0.0,-0.0011470211076736732
2025-06-12,-31.0,-16.56982421875,3.1699981689453125,-0.42000579833984375,17.260000228881836,-0.05999999999999961,0.0,8.28000000000003,-0.22804000000000002,0.0,-0.002507266221846258
2025-06-13,-469.7998046875,23.01953125,-0.1100006103515625,-0.7099990844726278,18.020000457763672,-0.04999999999999982,0.0,202.73999999999995,-0.05696000000000012,0.0,-0.005331121340053312
2025-06-16,386.5,-68.28955078125,4.94000244140625,0.26000213623045454,20.81999969482422,0.04999999999999982,0.0,-214.59999999999997,-0.11553999999999931,0.0,-0.006787381045384785
2025-06-17,118.099609375,56.1396484375,-1.2100067138671875,-0.18000030517578125,19.11000061035156,0.04999999999999982,0.0,70.56,0.12148000000000003,0.0,0.005361190352941415
2025-06-18,-481.599609375,-50.3896484375,3.0699996948242188,0.8199996948242188,21.600000381469727,-0.07000000000000028,0.0,105.11000000000001,-0.06927000000000039,0.0,-0.006739256800998262
2025-06-19,474.0,-1.85009765625,0.3000030517578125,0.09000396728515625,20.13999938964844,-0.009999999999999787,0.0,31.559999999999945,-0.13888000000000034,0.0,-0.01977127051800003
2025-06-20,-676.5,0.0,0.0,0.0,20.13999938964844,0.0,0.0,-161.57,-0.010180000000000078,0.0,-0.008864567046599783
2025-06-23,791.5,-13.0302734375,-0.20999908447265625,-0.20000457763671875,20.6200008392334,0.0,0.0,10.620000000000005,-0.012019999999999698,0.0,-0.017525730895029776
2025-06-24,41.0,57.330078125,-6.4199981689453125,-0.29000091552732954,19.82999992370605,-0.040000000000000036,0.0,-96.63,-0.021860000000000213,0.0,0.012013749266746426
2025-06-25,-61.0,67.01025390625,-4.1399993896484375,-0.5599975585937642,17.479999542236328,-0.040000000000000036,0.0,96.49000000000001,-0.013469999999999871,0.0,-0.005405017689710751
2025-06-26,-80.0,-0.02001953125,0.5499954223632812,-0.18000030517578125,16.760000228881836,-0.009999999999999787,0.0,16.470000000000027,0.017090000000000494,0.0,0.009506117939017865
2025-06-30,0.0,48.85986328125,0.31999969482421875,-0.529998779296875,16.59000015258789,-0.03000000000000025,0.0,-102.80000000000001,0.010539999999999772,0.0,0.004380350386106565
2025-07-01,-61.0,63.93017578125,-0.12999725341796875,-0.2700042724609517,16.729999542236328,-0.019999999999999574,0.0,271.58,0.10808000000000018,0.0,-0.0017798604965404822
2025-07-02,1.0,-6.9404296875,0.339996337890625,-0.05999755859373579,16.829999923706055,0.019999999999999574,0.0,-66.57999999999998,-0.15866999999999987,0.0,-0.004945392822430821
2025-07-03,6.400390625,29.41015625,2.0,-0.04000091552734375,16.639999389648438,0.040000000000000036,0.0,-68.65000000000003,-0.05928000000000022,0.0,-0.00046431678168235143
2025-07-04,-1.400390625,51.93017578125,-0.4499969482421875,0.40000152587890625,16.3799991607666,0.04999999999999982,0.0,374.09999999999997,-0.02245000000000008,0.0,-0.0018713037053218545
2025-07-07,-31.2998046875,0.0,-0.5,0.0,16.3799991607666,0.0,0.0,-118.38999999999999,0.020199999999999996,0.0,0.0051925022056608025
2025-07-08,-25.7001953125,-49.3701171875,1.4300003051757812,0.3000030517578125,17.790000915527344,0.05000000000000071,0.0,-225.29999999999995,0.15015,0.0,0.0005012502357958717
2025-07-09,140.900390625,-4.4599609375,0.40000152587890625,0.02999877929688921,16.809999465942383,0.019999999999999574,0.0,-180.43,-0.03845999999999972,0.0,0.005708982713857341
2025-07-10,-57.900390625,37.73974609375,0.04999542236328125,-0.04000091552735796,15.9399995803833,-0.08000000000000007,0.0,44.25999999999999,-0.027340000000000586,0.0,0.008810427364278334
2025-07-11,-26.0,17.2001953125,-1.80999755859375,0.18000030517578125,15.779999732971191,0.009999999999999787,0.0,269.09999999999997,-0.031810000000000116,0.0,0.00598699091970021
2025-07-14,-25.900390625,-20.7099609375,1.8799972534179688,0.1999969482421875,16.399999618530273,0.08000000000000007,0.0,-217.10999999999996,0.03328000000000042,0.0,0.00702927399125081
2025-07-15,12.900390625,8.81005859375,-1.4699935913085938,0.23000335693357954,17.200000762939453,0.0,0.0,56.97000000000003,-0.006429999999999936,0.0,0.006085758811465538
2025-07-16,34.2001953125,-24.80029296875,-0.4600067138671875,0.5400009155273722,17.3799991607666,0.07000000000000028,0.0,194.32999999999998,0.0007399999999995188,0.0,0.007192631518973253
2025-07-17,-4.1005859375,19.9404296875,-0.1399993896484375,-0.23000335693360796,17.15999984741211,-0.040000000000000036,0.0,-105.55000000000001,-0.06056999999999935,-0.25,0.013123010811935927
2025-07-18,19.1005859375,33.65966796875,1.160003662109375,0.34000396728515625,16.520000457763672,0.009999999999999787,0.0,-23.279999999999973,-0.14078999999999997,0.0,0.0034103947077946343
2025-07-21,58.5,-0.56982421875,-0.20000457763671875,-0.25,16.40999984741211,-0.02999999999999936,0.0,-16.630000000000052,-0.10465999999999998,0.0,0.011730417077620644
2025-07-22,-8.7001953125,8.81005859375,-0.1399993896484375,-0.6300048828125,16.649999618530273,-0.0600000000000005,0.0,-138.89,0.018129999999999313,0.0,-0.007251787421677325
2025-07-23,8.5,4.02001953125,-0.9899978637695312,-0.45999908447265625,16.5,-0.03000000000000025,0.0,-68.51999999999998,-0.005139999999999922,0.0,0.01680806787817554
2025-07-24,-84.2001953125,49.2900390625,-0.9599990844726562,-0.18000030517578125,15.369999885559082,0.05000000000000071,0.0,12.829999999999984,-0.06203999999999965,0.0,0.008222890728461612
2025-07-25,20.7998046875,4.43994140625,0.779998779296875,0.1699981689452983,15.390000343322754,0.02999999999999936,0.0,68.07999999999998,0.01750000000000007,0.0,0.001671850707664108
2025-07-28,40.900390625,25.2900390625,-0.8699951171875,0.2700042724609517,14.93000030517578,-0.02999999999999936,0.0,-74.35999999999999,0.013539999999999885,0.0,0.009402874748222746
2025-07-29,46.0,1.1298828125,1.5499954223632812,1.0100021362304688,15.029999732971191,0.019999999999999574,0.0,55.06000000000003,0.019579999999999487,0.0,0.00041216137550554753
2025-07-30,45.80078125,-18.91015625,2.5,0.25,15.979999542236328,-0.08000000000000007,0.0,-83.13000000000002,-0.0798899999999998,0.0,-0.008968936762855529
2025-07-31,-30.900390625,-7.9599609375,0.7900009155273438,1.0299987792968608,15.479999542236328,0.040000000000000036,0.0,74.78999999999999,0.004430000000000156,0.0,-0.008720327719447139
2025-08-01,58.900390625,-23.509765625,-0.7399978637695312,0.08999633789063921,16.719999313354492,-0.009999999999999787,0.0,104.00999999999999,0.009479999999999933,0.0,0.007113700474796223
2025-08-04,56.19921875,-101.38037109375,-1.9300003051757812,-1.3399963378906392,20.3799991607666,-0.13999999999999968,0.0,185.12,-0.011999999999999567,0.0,-0.009748248567581094
2025-08-05,0.0,91.93017578125,-1.0400009155273438,0.08999633789063921,17.520000457763672,-0.010000000000000675,0.0,-303.32,0.07657999999999987,0.0,0.006747770911453781
2025-08-06,-121.0,-30.75,-1.1299972534179688,0.0,17.850000381469727,0.0,0.0,-8.389999999999986,-0.06881000000000004,0.0,-0.001522752546535342
2025-08-07,15.5,45.8701171875,-0.8100051879882812,-0.5999984741210938,16.770000457763672,0.0,0.0,-22.22999999999999,-0.006079999999999863,0.0,-0.001809651695558312
2025-08-08,-42.7998046875,-5.06005859375,-0.4699974060058594,0.220001220703125,16.56999969482422,0.010000000000000675,0.0,51.27000000000001,-0.01887000000000061,0.0,0.005751200993821122
2025-08-11,-34.7001953125,49.4501953125,0.0,-0.220001220703125,15.149999618530272,0.03999999999999915,0.0,-40.680000000000035,-0.04545999999999939,0.0,0.00958307825993926
2025-08-12,-51.0,-16.0,0.07999801635742188,0.339996337890625,16.25,0.0,0.0,69.96000000000001,0.09335999999999967,0.0,0.02413112782898139
2025-08-13,49.0,72.3095703125,-0.7900009155273438,-0.4199981689453125,14.729999542236328,0.020000000000000462,0.0,-33.99000000000001,-0.03160000000000007,0.0,0.012906380704389557
2025-08-14,-49.7998046875,20.8203125,-0.5199966430664062,-0.26000213623046875,14.489999771118164,-0.04999999999999982,0.0,-34.619999999999976,-0.0038599999999995305,0.0,0.004845743933512163
2025-08-15,-139.2001953125,1.9599609375,1.30999755859375,0.410003662109375,14.829999923706056,0.04999999999999982,0.0,-41.78,0.0620099999999999,0.0,-0.004153733496921922
2025-08-19,60.0,-18.740234375,-1.1599998474121094,-0.40000152587890625,15.09000015258789,0.040000000000000036,0.0,123.57,-0.04351000000000038,0.0,-0.00449528737740159
2025-08-20,36.400390625,-38.4296875,-0.45000076293946023,0.4199981689453125,15.56999969482422,-0.03000000000000025,0.0,-106.93,0.015270000000000117,0.0,0.010233167147823644
2025-08-21,69.7998046875,-15.59033203125,0.8600006103515696,-0.04999542236328125,15.6899995803833,-0.009999999999999787,0.0,-38.389999999999986,-0.1014999999999997,-0.25,-0.006708189893020718
2025-08-22,-11.6005859375,-25.60986328125,0.3100013732910156,0.40000152587892046,16.600000381469727,0.040000000000000036,0.0,-19.47,-0.2356600000000002,0.0,-0.004046309996308639
2025-08-25,76.1005859375,96.740234375,0.1399993896484375,-0.9000015258789205,14.220000267028809,-0.07000000000000028,0.0,-2.730000000000018,-0.09748000000000001,0.0,0.008622528319474283
2025-08-26,-112.7001953125,-27.59033203125,1.1400032043457031,0.7099990844726562,14.789999961853027,0.020000000000000462,0.0,312.02,0.05665000000000031,0.0,-0.002671742812559316
2025-08-27,40.0,26.6201171875,-1.5500030517578125,-0.1999969482421875,14.619999885559082,-0.020000000000000462,0.0,-26.03000000000003,-0.0020100000000002893,0.0,0.0038403120922713813
2025-08-28,32.2001953125,15.4599609375,0.9000015258789062,0.0,14.850000381469728,-0.019999999999999574,0.0,-172.14999999999998,0.016589999999999883,0.0,0.0020030023448238212
2025-08-29,14.7998046875,20.4599609375,0.4499969482421875,-0.42000579833982954,14.43000030517578,-0.020000000000000462,0.0,10.120000000000005,0.07521000000000022,0.0,-0.015409030001845521
2025-09-01,30.2998046875,-41.60009765625,-0.589996337890625,-0.04000091552735796,15.359999656677246,0.010000000000000675,0.0,-29.349999999999994,0.18179999999999996,0.0,-0.012132212883630762
2025-09-02,64.7001953125,0.0,0.0,0.0,15.359999656677246,0.0,0.0,-27.039999999999992,-0.11793999999999993,0.0,0.008433634121684718
2025-09-03,-3.80078125,-44.7197265625,1.5799942016601562,0.6300048828125,17.170000076293945,0.04999999999999982,0.0,265.37,-0.06831999999999994,0.0,0.010744723318707235
2025-09-04,38.701171875,32.7197265625,-1.6199951171875,-0.26000213623046875,16.350000381469727,-0.0600000000000005,0.0,-303.26,-0.005010000000000403,0.0,-0.0023505883385701357
2025-09-08,19.099609375,53.8203125,-0.4900016784667969,0.20999908447265625,15.300000190734863,-0.04999999999999982,0.0,203.47,0.04450999999999983,0.0,-0.012856484539594787
2025-09-09,-71.0,-6.93017578125,-1.220001220703125,-0.900001525878892,15.109999656677246,-0.1200000000000001,0.0,-69.45999999999998,0.00945000000000018,0.0,-0.01795956852398129
2025-09-10,54.099609375,17.4599609375,0.37000274658203125,0.34000396728514204,15.039999961853027,0.03000000000000025,0.0,-75.82000000000002,0.041509999999999714,0.0,0.009186343104969437
2025-09-11,3.80078125,19.43017578125,1.0399971008300781,-0.01000213623046875,15.350000381469728,-0.040000000000000036,0.0,37.58000000000001,0.0059400000000007225,0.0,0.006331118316684448
2025-09-12,-10.900390625,55.43017578125,-1.2999992370605469,-0.23999786376953125,14.710000038146973,-0.03000000000000025,0.0,30.829999999999984,-0.01700999999999997,0.0,0.013608146494749892
2025-09-15,-25.400390625,-3.18017578125,0.31999969482421164,0.01000213623045454,14.760000228881836,0.04999999999999982,0.0,-43.389999999999986,0.010279999999999845,0.0,0.010519654740396367
2025-09-16,-12.599609375,30.98974609375,0.6100006103515696,-0.25,15.6899995803833,-0.009999999999999787,0.0,5.3700000000000045,-0.025570000000000093,0.0,0.0025892279406950643
2025-09-17,-36.400390625,-8.52001953125,1.2199974060058594,-0.6700057983398438,16.360000610351562,-0.009999999999999787,0.0,-29.890000000000015,0.03458999999999968,0.0,0.008444513200035912
2025-09-18,33.5,-6.40966796875,-0.46999359130859375,0.24000549316409092,15.720000267028809,0.019999999999999574,0.0,156.14000000000001,-0.15979999999999972,-0.25,-0.0020888742375610846
2025-09-19,20.5,31.60986328125,-0.48000335693359375,0.4799957275390483,15.699999809265137,0.05000000000000071,-0.25,-115.68,-0.28500000000000014,0.0,0.005315859502522186
2025-09-22,150.5,32.39990234375,-0.8899993896484375,0.29000091552734375,15.449999809265137,0.02999999999999936,0.0,-80.14000000000001,-0.016199999999999548,0.0,-0.001377042453470808
2025-09-23,67.900390625,29.39013671875,-0.04000091552734375,-0.3099975585937642,16.100000381469727,0.010000000000000675,0.009999999999999787,343.98,0.03819999999999979,0.0,0.010536545825698664
2025-09-24,-55.0,-36.830078125,0.7700004577636719,-0.06999969482419033,16.639999389648438,-0.03000000000000025,0.0,-299.91,-0.045900000000000496,0.0,0.00016698913314513433
2025-09-25,51.0,-18.94970703125,1.5799980163574219,0.6100006103515625,16.18000030517578,0.040000000000000036,0.0,107.74000000000001,-0.0892299999999997,0.0,-0.010625680586440376
2025-09-26,62.099609375,-33.25,-0.0099945068359375,0.6800003051757528,16.739999771118164,0.019999999999999574,0.0,-165.26000000000002,-0.03285999999999989,0.0,0.007269917501998434
2025-09-29,64.0,38.97998046875,0.7399978637695312,-0.40000152587889204,15.289999961853027,0.020000000000000462,0.0,218.71,-0.028220000000000134,0.0,0.0029480057372594753
2025-09-30,-36.099609375,17.509765625,-2.270000457763672,-0.23999786376953125,16.1200008392334,-0.04999999999999982,0.0,-126.88,0.005160000000000053,0.0,-0.007684408231570972
2025-10-01,-95.0,27.25,-1.0800018310546875,-0.14000701904296875,16.280000686645508,0.009999999999999787,0.0,124.02999999999997,0.013640000000000096,0.0,-0.002140995388278198
2025-10-02,55.0,22.740234375,-0.5900001525878835,-0.05999755859375,16.290000915527344,-0.040000000000000036,0.0,-99.51999999999998,0.0284399999999998,0.0,0.0033831173079362045
2025-10-03,-38.900390625,4.14990234375,-1.299999237060554,0.1399993896484375,16.6299991607666,-0.020000000000000462,0.0,131.79000000000002,-0.013020000000000032,0.0,0.005833435883369337
2025-10-06,-42.599609375,0.43994140625,0.40000152587890625,-0.12999725341796875,16.649999618530273,0.03000000000000025,0.0,-132.12,0.05527000000000015,0.0,0.0026562942133327378
2025-10-07,-43.5,24.48974609375,0.8099975585937429,0.3899993896484375,16.3700008392334,0.04999999999999982,0.0,19.639999999999986,-0.01564000000000032,0.0,0.0036037078399103507
2025-10-08,38.5,-25.68994140625,0.040000915527350855,0.4700012207031108,17.239999771118164,-0.040000000000000036,0.0,-100.63,-0.029329999999999856,0.0,-0.00039815017327486115
2025-10-09,-9.5,39.13037109375,0.8199996948242188,0.26999664306642046,16.299999237060547,-0.009999999999999787,0.009999999999999787,128.39999999999998,-0.016979999999999773,0.0,0.010344227849800047
2025-10-10,-31.0,-18.6103515625,-1.0400009155273438,0.69000244140625,16.43000030517578,0.009999999999999787,0.0,37.73000000000002,0.013479999999999936,0.0,0.0008384497654130915
2025-10-13,21.69921875,-182.60009765625,-2.609996795654297,-0.55999755859375,21.65999984741211,-0.08999999999999986,0.0,-77.15000000000003,0.016300000000000203,0.0,-0.0037193991495147417
2025-10-14,20.30078125,102.21044921875,0.5900001525878906,0.2899932861328125,19.030000686645508,0.0,0.0,86.40000000000003,-0.008620000000000516,0.0,-0.019723592168119777
2025-10-15,-50.0,-10.41015625,-0.7900009155273438,-0.21999359130860796,20.809999465942383,-0.019999999999999574,0.0,43.5,0.00404000000000071,0.0,-0.0019043878066512855
2025-10-16,37.900390625,26.75,-0.43000030517578125,-0.26000213623045454,20.63999938964844,0.019999999999999574,0.0,-284.53,-0.04548000000000041,0.0,0.009097780630351406
2025-10-17,-10.900390625,-41.990234375,-0.8100013732910156,-0.40000152587890625,25.309999465942383,-0.05999999999999961,0.010000000000000675,203.23,0.017679999999999918,0.0,-0.02607325948085418
2025-10-20,-13.099609375,34.93994140625,0.0800018310546875,0.04000091552734375,20.780000686645508,0.02999999999999936,0.0,187.91999999999996,0.03855999999999993,0.0,0.021659857267144256
2025-10-21,4.099609375,71.1201171875,-0.020000457763671875,0.15999603271484375,18.229999542236328,-0.019999999999999574,0.0,-212.37999999999994,-0.023740000000000094,0.0,0.0182653930452691
2025-10-22,-24.0,0.22021484375,0.2999992370605469,0.34000396728515625,17.8700008392334,-0.020000000000000018,0.0,-59.28000000000003,-0.01914999999999978,0.0,-0.010436633670171626
2025-10-23,56.900390625,-35.9501953125,0.6800003051757812,-0.029998779296875,18.600000381469727,-0.009999999999999787,0.0,210.58000000000004,-0.09141999999999983,0.0,0.014829400120825339
2025-10-24,-2.30078125,39.0400390625,3.2900009155273438,0.04000091552732954,17.299999237060547,0.03999999999999959,0.0,-263.75,0.10492999999999997,0.0,-0.0003178860381133763
2025-10-27,-2.798828125,53.25,-0.29000091552734375,0.009994506835965922,16.3700008392334,0.009999999999999787,0.0,100.75000000000003,-0.0035800000000003607,0.0,-0.018863455507571014
2025-10-28,4.0,83.47021484375,-0.18999862670898438,-0.1699981689453267,15.789999961853027,-0.009999999999999787,0.009999999999999787,58.97999999999996,0.007700000000000706,0.0,-0.0030255798274512707
2025-10-29,-439.6005859375,15.72998046875,-1.1599998474121094,-0.08999633789063921,16.420000076293945,-0.019999999999999574,0.0,-117.06,-0.013420000000000432,0.0,0.00905300236803943
2025-10-30,403.5791015625,-0.30029296875,0.3299980163574219,0.5299987792968892,16.920000076293945,0.08999999999999986,0.0,-8.789999999999964,0.003190000000000026,0.0,0.00218220629945036
2025-10-31,0.220703125,-68.25,0.09000015258789062,0.30999755859375,16.90999984741211,0.03000000000000025,-0.25,19.67999999999995,0.002809999999999757,0.0,-0.0024699107515218444
2025-11-03,-412.0,17.8603515625,0.4099998474121094,0.2700042724609233,17.440000534057617,0.0,-0.010000000000000231,159.74,-0.0014299999999995983,0.0,0.013530136672425414
2025-11-04,480.0,11.77001953125,0.06999969482421875,0.06999969482424717,17.170000076293945,0.019999999999999574,0.010000000000000231,-434.38,0.01815999999999951,0.0,-0.0040168197581159915
2025-11-05,10.900390625,-80.42041015625,-0.48999786376953125,0.34999847412107954,19.0,-0.03000000000000025,0.0,280.31,-0.023479999999999723,0.0,0.00925286919451867
2025-11-06,66.099609375,24.740234375,-0.960002899169929,-0.02000427246092329,18.010000228881836,0.07000000000000028,0.0,15.110000000000014,0.0017200000000001658,0.0,0.002225230609034843
2025-11-07,-38.0,-75.97021484375,-0.1699981689453054,-0.46999359130860796,19.5,-0.05999999999999961,0.0,15.930000000000007,-0.03273000000000037,0.0,0.006877081703035566
2025-11-10,25.099609375,8.47998046875,0.31999969482421875,-0.1300048828125,19.07999992370605,0.0,0.0,21.079999999999984,0.049040000000000195,0.0,-0.0003990996458167915
2025-11-11,-41.099609375,103.63037109375,0.3800010681152344,0.02000427246095171,17.600000381469727,0.019999999999999574,0.0,135.79000000000002,-0.023559999999999803,0.0,-0.0029509446883656766
2025-11-12,37.0,14.1796875,0.9099998474121094,-0.1600036621093892,17.280000686645508,0.0,0.0,-140.74,0.0044999999999997264,0.0,0.0026322487456891235
2025-11-13,4.900390625,4.31005859375,-2.549999237060547,0.0200042724609375,17.510000228881836,-0.04999999999999982,0.0,-108.4,-0.01554000000000011,0.0,-0.0019769486033028474
2025-11-14,34.099609375,-113.4296875,0.1999969482421804,-0.3000030517578125,20.0,0.03000000000000025,0.009999999999999787,251.52,-0.02326999999999968,0.0,-0.00018676812628161727
2025-11-17,-10.0,-3.38037109375,1.4000015258789134,0.089996337890625,19.82999992370605,0.02999999999999936,0.0,-173.62,0.04620000000000024,0.0,0.005533511581126784
2025-11-18,-39.5,-61.69970703125,-0.18000030517578125,0.31999969482421875,22.3799991607666,-0.009999999999999787,0.0,273.40999999999997,-0.01656000000000013,0.0,-0.0065506742148780965
2025-11-19,59.400390625,-55.09033203125,0.8300018310546875,-0.03999328613282671,24.690000534057617,-0.009999999999999787,0.0,41.629999999999995,0.01529999999999987,0.0,0.005325636153647913
2025-11-20,-11.201171875,24.84033203125,-1.3000030517578196,0.6800003051757955,23.65999984741211,0.009999999999999787,0.0,-390.80999999999995,-0.004850000000000243,0.0,0.001585576464505344
2025-11-21,-41.0,-103.400390625,-0.29999923706053977,-0.06999969482421875,26.420000076293945,-0.03000000000000025,0.0,86.04999999999998,0.031789999999999985,0.0,-0.0006612024599918885
2025-11-24,44.30078125,64.23046875,-1.0799980163574219,0.01999664306640625,23.43000030517578,-0.040000000000000036,0.0,-47.21999999999997,0.13829000000000047,0.0,0.01835859216891652
2025-11-25,-92.0,102.1298828125,0.779998779296875,-0.04000091552734375,20.520000457763672,-0.019999999999999574,0.0,-66.33000000000001,-0.05786000000000069,0.0,-0.005659826505442146
2025-11-26,6.0,60.759765625,-0.8899993896484375,-0.4799957275390625,18.559999465942383,-0.03000000000000025,0.0,124.64000000000001,-0.026510000000000034,0.0,0.00937230038965389
2025-11-27,-11.5,46.72998046875,0.7000007629394531,-0.06000518798828125,17.190000534057617,-0.009999999999999787,0.0,-92.15,0.06991000000000014,0.0,-0.006562265730166276
2025-11-28,-18.80078125,0.0,0.0,0.0,17.190000534057617,0.0,0.0,103.08000000000001,-0.0507200000000001,0.0,-0.0043576866120296235
2025-12-01,-10.798828125,36.47998046875,-0.10000228881835938,-0.1399993896484375,16.350000381469727,0.019999999999999574,0.010000000000000231,-11.410000000000025,0.058720000000000105,0.0,0.004699647520650022
2025-12-02,31.099609375,-36.4599609375,0.7700004577636719,-0.04999542236328125,17.239999771118164,0.07000000000000028,0.0,-65.38,-0.005989999999999718,0.0,0.007952454187227214
2025-12-03,-26.0,16.740234375,-0.6800003051757812,-0.0500030517578125,16.59000015258789,0.0,0.0,34.389999999999986,0.03376000000000001,0.0,-0.0006101237883487573
2025-12-04,0.900390625,20.35009765625,0.3100013732910156,-0.5100021362304688,16.079999923706055,-0.03000000000000025,0.0,65.25,-0.08033000000000001,0.0,0.0032934422333184463
2025-12-05,-15.900390625,7.39990234375,0.7199974060058594,0.1399993896484233,15.779999732971191,0.05000000000000071,0.0,162.59000000000003,-0.023900000000000254,0.0,-0.0008609466602429533
2025-12-08,60.400390625,13.27978515625,0.410003662109375,0.0,15.40999984741211,0.02999999999999936,0.0,-284.0,0.07373999999999992,0.0,0.00898726235836715
2025-12-09,28.599609375,-23.89013671875,-1.2000007629394531,0.09999847412110796,16.65999984741211,0.03000000000000025,0.0,247.13,-0.06773000000000007,0.0,-0.006162731358703643
2025-12-10,3.0,-6.0,-0.6300010681152344,0.1300048828125,16.93000030517578,0.009999999999999787,0.0,100.74000000000001,0.006709999999999994,0.0,0.0050403216250738654
2025-12-11,-24.0,46.17041015625,0.20999908447265625,-0.43000030517578125,15.770000457763672,-0.04999999999999982,0.0,-247.38,-0.005119999999999791,0.0,-0.009288271923537443
2025-12-12,-23.0,14.31982421875,-0.8600006103515696,-0.44000244140625,14.850000381469728,0.009999999999999787,-0.25,187.85000000000002,-0.01701999999999959,0.0,0.004631409627319614
2025-12-15,10.0,-73.58984375,-0.15999984741210938,0.0500030517578125,15.739999771118164,0.05000000000000071,0.0,-169.19000000000005,0.015259999999999607,0.0,-0.0012520871868408959
2025-12-16,-25.900390625,-10.900390625,-0.6199989318847585,-0.25,16.5,-0.010000000000000675,0.0,-100.28,0.008729999999999905,0.0,0.004246241128110234
2025-12-17,22.701171875,-16.25,-1.5499992370605469,0.0,16.479999542236328,-0.02999999999999936,0.0,3.960000000000008,0.02571000000000012,0.0,-0.001050924013847682
2025-12-18,-1.201171875,-78.82958984375,0.6699981689453054,0.2200012207031392,17.6200008392334,0.009999999999999787,0.0,-28.069999999999993,0.03685000000000027,0.0,-0.006839872537298052
2025-12-19,12.400390625,53.32958984375,0.21000289916992898,0.05999755859373579,16.8700008392334,-0.040000000000000036,0.0,119.54000000000002,0.02768999999999977,0.0,-0.0010035592501157818
2025-12-22,28.19921875,59.740234375,0.5099983215332031,0.1699981689453125,14.90999984741211,0.040000000000000036,0.0,-36.81,-0.01562999999999981,0.0,0.004206571133681185
2025-12-23,-6.69921875,43.990234375,1.3499984741210938,-0.30999755859375,14.079999923706056,0.009999999999999787,0.0,-75.02000000000001,0.020080000000000098,0.0,-0.007087586850702301
2025-12-24,77.900390625,31.2998046875,0.37000274658203125,-0.34999847412110796,14.0,0.009999999999999787,0.0,25.77000000000001,-0.04428000000000054,0.0,-0.005474747440478396
2025-12-29,-21.400390625,22.259765625,-0.03000259399414773,0.04000091552735796,13.470000267028809,-0.02999999999999936,0.0,-60.32000000000002,0.10041000000000011,0.0,0.012378658006446852
2025-12-30,6.099609375,-26.3095703125,-0.26999664306639914,0.05999755859375,14.199999809265137,-0.03000000000000025,0.0,241.69000000000003,-0.10142999999999969,0.0,0.0003102870925981103
2026-01-02,28.900390625,-9.5,-0.13000106811523438,0.1999969482421733,14.329999923706056,0.019999999999999574,0.0,-139.92000000000002,-0.025100000000000122,0.0,0.011634848160691665
2026-01-05,-102.0,-37.77001953125,-0.6300010681152344,0.18000030517580967,14.510000228881836,0.05000000000000071,0.0,-8.879999999999995,-0.1166400000000003,0.0,0.012615323939382729
2026-01-06,15.0,43.57958984375,1.0,-0.15000152587892046,14.899999618530272,-0.020000000000000462,0.0,242.91000000000003,-0.09412999999999982,0.0,0.008365001508570195
2026-01-07,44.19921875,42.77001953125,-1.1899986267089844,0.31000518798826704,14.75,0.009999999999999787,0.0,-288.48,-0.06034999999999968,0.0,0.0012533659285562354
2026-01-08,14.80078125,-23.8896484375,-1.1399993896484375,0.09999847412110796,15.380000114440918,-0.02999999999999936,0.0,2.3400000000000034,-0.034089999999999954,0.0,-0.0021647983654793914
2026-01-09,11.0,0.52978515625,1.7699966430664062,0.25,15.449999809265137,0.040000000000000036,0.0,221.04000000000002,-0.004230000000000178,0.0,0.0012633593936352025
2026-01-12,52.69921875,44.81982421875,1.3600006103515625,0.1999969482421733,14.489999771118164,-0.010000000000000675,0.0,-243.36,-0.022359999999999935,0.0,-0.005839179223520294
2026-01-13,21.0,10.990234375,0.3800010681152344,-0.26999664306639204,15.119999885559082,0.010000000000000675,0.0,50.370000000000005,-0.014149999999999885,0.0,0.007130629394710089
2026-01-14,32.701171875,-13.52978515625,1.6500015258789062,0.26999664306639204,15.979999542236328,-0.010000000000000675,0.0,75.83999999999997,-0.004770000000000163,0.0,0.009374606331697734
2026-01-15,-18.599609375,-37.14013671875,0.8699989318847656,0.0,16.75,-0.02999999999999936,0.0,11.560000000000002,-0.010089999999999932,0.0,0.004729662971707521
2026-01-19,4.298828125,17.8701171875,-2.8300018310546946,0.1900024414062642,15.84000015258789,0.019999999999999574,0.0,40.83000000000004,-0.020399999999999974,0.0,0.006421670714374318
2026-01-20,31.5,-4.46044921875,0.25,0.06999969482421875,15.859999656677246,0.07000000000000028,0.0,-54.82000000000005,-0.026980000000000004,0.0,9.05542460377013e-05
2026-01-21,62.400390625,-143.14990234375,0.9000015258789134,-0.75,20.09000015258789,0.05999999999999961,0.0,5.150000000000034,-0.025720000000000187,0.0,-0.013708664358307608
2026-01-22,21.099609375,78.76025390625,0.279998779296875,0.12000274658204546,16.899999618530273,-0.040000000000000036,0.0,181.07999999999998,-0.016089999999999716,0.0,-0.0020161037952423876
2026-01-23,-63.099609375,37.72998046875,-1.2599983215332031,-0.40000152587892046,15.640000343322754,0.0,0.0,-66.89999999999998,-0.015020000000000255,0.0,-0.00458925289844516
2026-01-26,-77.0,2.259765625,1.7099990844726562,-0.7600021362304688,16.09000015258789,-0.019999999999999574,0.0,-165.91000000000003,0.02876000000000012,0.0,0.002713797528107098
2026-01-27,-50.0,34.6201171875,-0.4399986267089844,-0.55999755859375,16.149999618530273,-0.020000000000000462,0.0,-19.079999999999984,0.0112899999999998,0.0,0.0005454002305701286
2026-01-28,-36.0,28.3701171875,1.7599983215332031,-0.8199996948242188,16.350000381469727,0.020000000000000462,0.0,113.06,0.00550000000000006,0.0,-0.07629650750729966
2026-01-29,-59.30078125,-0.5703125,0.8199996948242188,0.2299957275390767,16.350000381469727,0.019999999999999574,0.0,-58.610000000000014,0.030530000000000168,0.0,-0.010675365873053401
2026-01-30,48.1015625,-9.02001953125,2.2099990844726562,-0.1699981689453267,16.8799991607666,-0.019999999999999574,0.0,-95.0,0.04475999999999969,0.0,0.011762536326049695
2026-02-02,55.5,-29.97998046875,-0.20999908447265625,0.709999084472642,17.440000534057617,0.019999999999999574,0.0,-37.47999999999999,0.07789000000000001,0.0,-0.050080245404651974
2026-02-03,-19.900390625,37.41015625,-3.0699996948242188,0.6200027465820455,16.34000015258789,0.03000000000000025,0.0,-15.070000000000022,-0.0011799999999997368,0.0,0.024913987107732946
2026-02-04,0.0,-58.6298828125,1.0699996948242188,-0.1699981689453267,18.0,-0.009999999999999787,0.0,125.21000000000004,-0.05553000000000008,0.0,0.002965047773867763
2026-02-05,0.599609375,-35.08984375,1.9300003051757812,0.18000030517580967,18.63999938964844,0.009999999999999787,0.0,-18.24000000000001,0.054689999999999905,0.0,-0.0052721747108543954
2026-02-06,41.0,-84.3203125,-1.8499984741210938,0.1999969482421733,21.770000457763672,-0.08000000000000007,0.0,-12.009999999999991,0.05312000000000028,0.0,-0.021026734236799797
2026-02-09,79.900390625,133.89990234375,0.2599983215332031,-0.1900024414062642,20.3700008392334,0.009999999999999787,0.0,-115.18000000000004,-0.02613000000000021,0.0,0.012101788362132802
2026-02-10,-36.400390625,32.52001953125,0.8100013732910156,-0.8099975585937358,17.360000610351562,0.0,0.0,45.73000000000002,-0.00012999999999996348,0.0,0.012356772897569665
2026-02-11,-47.5,-23.009765625,-0.40000152587890625,-0.01999664306642046,17.790000915527344,-0.05999999999999961,0.0,-16.03,-0.017830000000000013,0.0,0.019391815229797466
2026-02-12,-18.0,-0.33984375,0.6699981689453125,0.029998779296875,17.649999618530273,0.019999999999999574,0.0,45.78999999999999,0.01324000000000014,0.0,-0.003094199954774068
2026-02-13,15.900390625,-108.71044921875,-1.7899971008300781,0.09999847412110796,20.81999969482422,-0.08999999999999986,0.0,186.63000000000002,0.007249999999999979,0.0,-0.006442708584854422
2026-02-18,15.099609375,3.41015625,0.049999237060546875,-0.05000305175782671,20.600000381469727,-0.04999999999999982,0.0,-100.95000000000005,0.06692999999999971,0.0,0.011857314253322562
2026-02-19,31.0,45.14013671875,2.3000030517578125,0.8199996948242472,19.6200008392334,0.04999999999999982,0.0,-98.92999999999998,-0.03127999999999975,0.0,-0.004359008030974268
2026-02-20,75.30078125,-19.419921875,1.2399978637695312,0.23000335693357954,20.229999542236328,-0.009999999999999787,0.0,255.39000000000001,0.0442499999999999,0.0,-0.0002797624138913667
2026-02-23,-28.1015625,47.61962890625,-0.04000091552734375,-0.12999725341798296,19.09000015258789,0.0,0.0,-20.360000000000014,0.021320000000000228,0.0,0.01491707029858277
2026-02-24,-43.798828125,-71.759765625,-0.0800018310546875,-0.10000610351559658,21.01000022888184,-0.04999999999999982,0.0,222.01000000000005,0.10575999999999963,0.0,-0.013821604043053895
2026-02-25,-39.099609375,52.31982421875,-0.6800003051757812,0.18000030517575283,19.549999237060547,0.009999999999999787,0.0,-22.950000000000045,0.016469999999999985,0.0,0.004986501258173602
2026-02-26,12.5,56.06005859375,-0.20999908447265625,-0.18000030517575283,17.93000030517578,0.009999999999999787,0.0,-303.23,0.058120000000000616,0.0,-0.010504925009726952
2026-02-27,-67.0,-37.27001953125,-0.20999908447265625,0.09000396728514204,18.6299991607666,-0.03000000000000025,0.0,-50.18000000000001,0.002289999999999459,0.0,2.715515107593395e-05
2026-03-02,-0.80078125,-29.97998046875,1.80999755859375,-0.18000030517578125,19.86000061035156,-0.04999999999999938,0.0,1.0600000000000023,0.07214999999999971,0.0,-0.02690884246096456
2026-03-03,46.0,2.740234375,4.2100067138671875,0.769996643066392,21.440000534057617,0.07999999999999963,0.0,120.14000000000004,-0.02845999999999993,0.0,-0.009659516027701601
2026-03-04,68.0,-64.990234375,3.3299942016601562,0.6700057983398438,23.56999969482422,0.009999999999999787,0.0,104.32999999999998,0.017750000000000377,0.0,-0.04675815616747919
2026-03-05,35.099609375,52.8701171875,0.100006103515625,-0.28000640869139204,21.149999618530277,0.03000000000000025,0.0,-314.31,-0.028970000000000162,0.0,0.017462064251890192
2026-03-06,-33.099609375,-38.7900390625,6.349998474121094,0.5500030517578125,23.75,0.040000000000000036,0.0,157.61,-0.011779999999999902,0.0,-0.01632466539624086
2026-03-09,48.099609375,-90.68994140625,9.889999389648438,-0.3300018310547017,29.489999771118164,0.020000000000000462,0.0,78.76999999999998,-0.16164999999999985,0.0,-0.033282833076049116
2026-03-10,10.599609375,55.97021484375,3.8699951171875,0.1900024414062642,25.5,-0.03000000000000025,0.0,13.050000000000011,0.18660999999999994,0.0,0.01401321725111504
2026-03-11,-37.69921875,-14.51025390625,-11.319999694824219,-0.34999847412110796,24.93000030517578,0.03000000000000025,0.0,-191.3,-0.08074000000000048,0.0,-0.006947172426569996
2026-03-12,-34.0,-5.68017578125,3.8000030517578125,0.40000152587892046,24.229999542236328,0.05999999999999961,0.0,132.32,-0.09530999999999956,0.0,-0.003698842773337801
2026-03-13,32.0,-103.1796875,8.480003356933594,0.5099945068359233,27.290000915527344,0.05999999999999961,0.0,-57.870000000000005,-0.007769999999999833,0.0,-0.031025340854729955
2026-03-16,24.0,-40.43017578125,2.9799957275390625,0.6200027465820455,27.190000534057617,0.010000000000000675,0.0,87.47000000000003,-0.012890000000000512,0.0,-0.016233108765422215
2026-03-17,44.099609375,67.18994140625,-5.209999084472656,-0.6500015258789062,23.51000022888184,-0.04999999999999982,0.0,-207.31,0.14610000000000056,0.0,0.011968438079341169
2026-03-25,1.0,16.7099609375,2.7099990844726562,-0.12999725341798296,22.3700008392334,-0.03000000000000025,0.0,82.15999999999997,0.56623,0.0,0.027107325558915343
2026-03-26,-155.798828125,-124.18994140625,-5.8899993896484375,0.01999664306642046,25.32999992370605,0.1299999999999999,0.0,-51.45999999999998,-0.7079500000000003,0.0,-0.019083705300411275
2026-03-27,-47.701171875,-114.73974609375,4.160003662109375,0.3000030517578125,27.440000534057617,0.08999999999999986,0.0,236.01999999999998,0.003630000000000244,0.0,-0.009400952200431238
2026-03-30,175.400390625,-108.31005859375,5.159996032714844,0.25,31.049999237060547,0.020000000000000462,0.0,-208.19,-0.10545000000000027,0.0,-0.0007593644265394575
2026-03-31,33.0,-25.1298828125,3.239997863769517,0.3600006103515767,30.61000061035156,-0.09000000000000075,0.0,80.28000000000003,-0.0010499999999997733,0.0,-0.006145434543452822
2026-04-01,17.400390625,184.7998046875,-1.5,-0.5500030517578267,25.25,-0.04999999999999982,0.0,1.5199999999999818,-0.06567000000000034,0.0,0.019141886063273567
2026-04-02,-39.0,46.7998046875,-1.259994506835909,-0.30999755859375,24.540000915527344,0.03000000000000025,0.0,-23.659999999999968,0.14943000000000017,0.0,-0.02218841555454641
2026-04-06,-12.30078125,7.3701171875,11.419998168945298,0.37999725341796875,23.8700008392334,-0.020000000000000462,0.0,-91.25,0.10924000000000023,0.0,-0.005330476509111385
2026-04-07,63.900390625,29.14013671875,0.8700027465820312,-0.04999542236328125,24.170000076293945,0.03000000000000025,0.0,-12.620000000000033,0.011519999999999975,0.0,-0.00263586531363689
2026-04-08,27.30078125,5.02001953125,0.5399932861328267,-0.34000396728515625,25.780000686645508,-0.009999999999999787,0.0,-12.98999999999998,-0.02927000000000035,0.0,0.04325966136010919
2026-04-09,12.099609375,165.9599609375,-18.539993286132827,-0.510002136230483,21.040000915527344,-0.040000000000000036,0.0,2.6499999999999773,0.03255000000000052,0.0,0.003891178709714011
2026-04-10,-21.900390625,41.85009765625,3.4599990844726705,-0.3099975585937358,19.489999771118164,0.0,0.0,48.04000000000002,0.02349999999999941,0.0,0.020440418858024136
2026-04-13,53.5,-7.77001953125,-1.3000030517578267,-0.1699981689453125,19.229999542236328,0.019999999999999574,0.0,-26.970000000000027,-0.028799999999999493,0.0,0.005574157246831168
2026-04-14,24.0,69.35009765625,2.5100021362304545,-0.2799987792968608,19.1200008392334,-0.009999999999999787,0.0,116.52000000000004,0.06489999999999974,0.0,0.02316426185612177
2026-04-15,-3.80078125,81.1396484375,-7.800003051757798,-0.25,18.36000061035156,-0.040000000000000036,0.0,29.0,0.040939999999999976,0.0,-0.006845362507676901
2026-04-16,49.80078125,55.5703125,0.01000213623046875,-0.06000518798828125,18.170000076293945,0.03000000000000025,0.0,-135.79000000000002,-0.24400000000000022,0.0,-0.0002891579189426173
2026-04-17,17.099609375,18.32958984375,3.400001525878892,0.1600036621093608,17.940000534057617,0.03000000000000025,0.0,-13.490000000000009,0.0794999999999999,0.0,0.0016547694572947608
2026-04-20,-23.099609375,84.7802734375,-10.840003967285142,-0.12000274658203125,17.479999542236328,-0.0600000000000005,0.0,3.730000000000018,-0.14660999999999946,0.0,-0.0052394085980331665
2026-04-21,10.0,-16.919921875,5.760002136230469,-0.04999542236329546,18.8700008392334,0.0,0.0,63.349999999999966,0.15330999999999984,0.0,-0.004583896671876692
2026-04-22,-9.19921875,-45.13037109375,2.519996643066392,0.3600006103515767,19.5,0.040000000000000036,0.0,-132.23999999999998,0.023439999999999905,0.0,-0.0023532328153910856
2026-04-23,9.298828125,73.89013671875,0.8300018310547017,0.17999267578125,18.920000076293945,0.0,0.0,10.969999999999999,0.000560000000000116,0.0,-0.021851201870409336
2026-04-24,66.400390625,-29.5,2.8899993896484375,0.2100067138671733,19.309999465942383,0.040000000000000036,0.0,246.76999999999998,0.04098000000000024,0.0,-0.03434499006814734
2026-04-27,129.5,56.68017578125,-1.4499969482421875,-0.29000091552731533,18.709999084472656,-0.03000000000000025,0.0,-204.23,0.10257000000000005,0.0,-0.0032270607239286587
2026-04-28,-83.0,8.830078125,1.9700012207031392,-0.02999877929688921,18.020000457763672,0.040000000000000036,0.0,86.1,0.10395999999999983,0.0,-0.004813908899376021
2026-04-29,-30.0,-35.1103515625,3.559997558593736,0.1399993896484517,17.829999923706055,0.010000000000000675,0.0,50.400000000000034,0.08779999999999966,0.0,0.004068689281490409
2026-04-30,28.0,-2.849609375,6.949996948242173,0.29999542236328125,18.809999465942383,0.05999999999999961,0.0,-105.72000000000003,0.21055000000000046,0.0,-0.020547253530286663
2026-05-04,90.19921875,73.0595703125,-1.8099975585937358,-0.8399963378906534,16.889999389648438,-0.019999999999999574,0.0,104.32999999999998,0.21950000000000003,0.0,0.0021752021952469434
2026-05-05,-45.69921875,-8.259765625,1.349998474121108,0.3899993896484517,18.290000915527344,0.04999999999999982,0.0,-19.69999999999999,-0.1435500000000003,0.0,0.01213964205082554
2026-05-06,57.69921875,58.47021484375,-4.1500015258789205,0.01000213623046875,17.3799991607666,-0.020000000000000462,0.0,162.58999999999997,-0.24831999999999965,0.0,0.004998159884108133
2026-05-07,43.6015625,105.89990234375,-7.189994812011733,-0.4600067138671875,17.389999389648438,-0.0699999999999994,0.0,-258.41999999999996,-0.3611600000000008,0.0,0.01147488900469465
2026-05-08,-92.900390625,-28.01025390625,-0.2700042724609091,0.23000335693359375,17.079999923706055,0.04999999999999982,-0.010000000000000231,47.31,0.01471,0.0,-0.028979531897804688
2026-05-11,-2.0,61.8203125,0.6100006103515625,-0.410003662109375,17.190000534057617,-0.03000000000000025,0.0,-51.910000000000025,0.04453000000000085,0.0,-0.009192973547648796
2026-05-12,63.099609375,13.90966796875,2.650001525878892,0.10000610351561079,18.3799991607666,0.040000000000000036,0.0,55.27000000000004,0.06649999999999956,0.0,-0.006788667398115021
2026-05-13,55.0,-11.8798828125,4.1100006103515625,0.34999847412110796,17.989999771118164,0.040000000000000036,0.0,-25.420000000000016,-0.04049000000000014,0.0,-0.019964868401619283
2026-05-18,136.0,43.2900390625,-1.160003662109375,0.19000244140625,17.8700008392334,0.0,0.0,-58.59,0.8928900000000004,0.0,-0.018627527605518352
2026-05-19,37.0,-41.2001953125,7.640007019042969,0.48999786376953125,17.81999969482422,0.15000000000000036,0.0,86.44000000000003,-0.5379100000000001,0.0,-0.03524843782104915
2026-05-20,115.0,-49.43994140625,-0.8900070190429688,0.3300018310546733,18.059999465942383,0.05999999999999961,-0.009999999999999787,79.02999999999997,0.061339999999999506,0.0,-0.008224250364588766
2026-05-21,76.0,79.3603515625,-9.509994506835923,-0.1900024414062358,17.440000534057617,-0.09999999999999964,0.0,21.19999999999999,0.54453,0.5,-0.03602276885475131
2026-05-22,-118.599609375,12.75,-1.9100036621093892,0.08000183105467329,16.760000228881836,0.0,0.0,-197.16,0.15457000000000054,0.0,0.01094962093130117
2026-05-25,33.599609375,27.75,0.25,0.12999725341798296,16.700000762939453,-0.010000000000000675,0.0,79.87000000000003,-0.09783000000000008,0.0,0.007164129563872122
2026-05-26,0.0,0.0,0.0,0.0,16.59000015258789,0.0,0.0,11.0,0.1025400000000003,0.0,-0.012347084841430277
2026-05-29,70.0,45.64990234375,-2.7099990844726562,-0.15000152587889204,17.010000228881836,-0.05999999999999961,0.0,-129.8,0.00586999999999982,0.0,-0.0004583423789399132
2026-06-02,78.0,60.93994140625,-6.529998779296875,-0.2599945068359517,15.31999969482422,-0.04999999999999982,0.0,162.8,0.2721499999999999,0.0,0.01104400753146841
2026-06-03,24.0,29.7197265625,6.4000015258789205,0.30999755859375,15.770000457763672,0.009999999999999787,0.0,-129.05,0.022470000000000212,0.0,-0.04192283542284976
2026-06-04,-6.0,-56.099609375,2.2599945068359233,0.30999755859375,16.059999465942383,0.03000000000000025,0.0,236.64,-0.23986000000000018,0.0,-0.017194556895195955
2026-06-05,146.19921875,30.6298828125,-2.9799957275390625,-0.1199951171875,15.399999618530272,-0.020000000000000462,0.0,-94.88999999999999,-0.1174900000000001,0.0,-0.042862644318687845
2026-06-08,-48.69921875,-200.56982421875,-2.5,0.6599960327148438,21.51000022888184,0.08000000000000007,0.0,-133.75,0.08786000000000005,0.0,-0.04620556459254377
2026-06-09,73.5,21.98974609375,0.7600021362304545,-0.01999664306642046,18.920000076293945,0.009999999999999787,0.0,148.51999999999998,0.029469999999999885,0.0,0.07299092052678637
2026-06-10,161.30078125,-19.080078125,-3.100006103515611,-0.1399993896484233,19.8700008392334,-0.02999999999999936,0.0,-101.25999999999999,0.34201999999999977,0.25,0.02673825827293501
2026-06-11,-159.30078125,-119.65966796875,1.8300018310546875,0.03999328613282671,22.21999931335449,0.019999999999999574,0.0,-90.66999999999999,0.27242999999999995,0.0,-0.0027728528212202343
2026-06-12,-155.099609375,127.3095703125,-2.3199996948242188,-0.08999633789063921,19.440000534057617,-0.09999999999999964,0.0,70.86999999999998,0.04319000000000006,0.0,0.02045249125163534
2026-06-15,45.099609375,37.16015625,-2.8300018310546875,-0.1100006103515625,17.68000030517578,0.03000000000000025,0.0,-35.869999999999976,0.007970000000000255,0.0,0.04034106335646967
2026-06-17,-149.0,122.830078125,-4.129997253417969,-0.12000274658204546,16.200000762939453,-0.010000000000000675,0.009999999999999787,156.98,0.15645000000000042,0.0,-0.005486771113376554
2026-06-18,-42.0,-134.18994140625,-3.9599990844726562,0.45999908447267046,18.440000534057617,0.020000000000000462,0.0,-44.70999999999998,0.1500199999999996,0.0,-0.007810913251066599
2026-06-19,161.0,80.47998046875,-0.19000244140625,0.7600021362304688,16.399999618530273,-0.03000000000000025,0.0,91.13,0.27768999999999977,0.25,0.0007772500599166955
2026-06-22,-96.599609375,0.0,0.0,0.0,16.399999618530273,0.0,0.0,133.56999999999994,-0.4519500000000001,0.0,-0.009834154261154174
2026-06-23,-6.400390625,-27.7900390625,-1.779998779296875,0.1699981689453125,17.280000686645508,0.04999999999999982,0.0,-186.29999999999995,-0.2500399999999994,0.0,-0.0025138177828999088
2026-06-24,74.0,-107.330078125,-1.6100006103515625,0.39000701904296875,19.489999771118164,-0.009999999999999787,0.0,27.899999999999977,-0.2913200000000007,0.0,-0.03629071887941795
2026-06-25,54.0,-7.23974609375,-2.8700027465820312,0.1999969482421875,18.6299991607666,-0.08999999999999986,0.0,64.07000000000005,0.024710000000000676,0.0,0.019382583067723093
2026-06-26,74.0,-0.72998046875,1.5800018310546875,-0.18000030517578125,18.88999938964844,-0.009999999999999787,0.0,-190.23000000000002,0.08094000000000001,0.0,-0.017302291239231247
2026-06-29,5.0,-3.47021484375,-2.6899948120117188,-0.06999969482421875,18.40999984741211,-0.020000000000000462,0.0,-21.060000000000002,0.5041899999999995,0.0,-0.012860848051802027
